bucket,name,fid,works,type,probe,src,flags,xcheck,tier,notes
A1_ready,Canada Research Chairs,4320320994,42006,5,200 1097KB,https://www.chairs-chaires.gc.ca/chairholders-titulaires/index-eng.aspx,gapscan,,A_static_html,"gap-scan 2026-06-04 (direct): 42,006 works; F-id F4320320994; CA; type 5 (static HTML); origin direct; src: https://www.chairs-chaires.gc.ca/chairholders-titulaires/index-eng.aspx -- Canada Research Chairs public chairholders database (~2000 profiles, names institutions research descriptions); periodic recipient lists; static HTML scrape"
A1_ready,Danmarks Grundforskningsfond,4320320943,27474,5,200 52KB,https://dg.dk/en/centers-of-excellence/,gapscan,,A_static_html,"gap-scan deep-pass 2026-06-04 (direct): 27,474 works; F-id F4320320943; DK; type 5 (static HTML); origin direct; src: https://dg.dk/en/centers-of-excellence/ -- DNRF lists all active and former Centers of Excellence (~143 total) with PI name and institution by year group; no bulk download or API confirmed; static HTML scrape feasible for small-N portfolio; no grant amounts on public pages"
A1_ready,"Ministry of Health, Labour and Welfare",4320321945,24538,5,200 18KB,https://mhlw-grants.niph.go.jp,gapscan,,A_static_html,"gap-scan 2026-06-04 (direct): 24,538 works; F-id F4320321945; JP; type 5 (static HTML); origin direct; src: https://mhlw-grants.niph.go.jp -- Ministry of Health Labour Welfare Japan; Health/Labour/Welfare Sciences Research Grants DB at mhlw-grants.niph.go.jp (NIPH) lists funded projects with reports; KAKEN is MEXT/JSPS not MHLW"
A1_ready,Ministero dell'Università e della Ricerca,4320331528,21419,5,200 64KB,https://prin.mur.gov.it/,gapscan,,A_static_html,"gap-scan deep-pass 2026-06-04 (direct): 21,419 works; F-id F4320331528; IT; type 5 (static HTML); origin direct; src: https://prin.mur.gov.it/ -- Italy MUR PRIN portal lists funded projects by call year (1999-2026); searchable by institution and year; authenticated researcher login for full details but project listings browsable; no bulk export confirmed; fragmented across call years; HTML scrape feasible"
A1_ready,Volkswagen Foundation,4320320882,17364,5,200 139KB,https://www.volkswagenstiftung.de/en/our-funding-portfolio,gapscan,,A_static_html,"gap-scan 2026-06-04 (direct): 17,364 works; F-id F4320320882; DE; type 5 (static HTML); origin direct; src: https://www.volkswagenstiftung.de/en/our-funding-portfolio -- Public Grants Database of 30k+ funded projects/researchers since 2004; filters + free-text + per-project pages; scrape; no obvious API"
A1_ready,National Geographic Society,4320309024,16712,5,200 296KB,https://www.nationalgeographic.org/society/grants-and-investments/,gapscan,,A_static_html,"gap-scan 2026-06-04 (direct): 16,712 works; F-id F4320309024; US; type 5 (static HTML); origin direct; src: https://www.nationalgeographic.org/society/grants-and-investments/ -- NatGeo Society 14k+ grants; Explorer directory + grants pages; explorer profiles browsable; HTML scrape; no obvious bulk/API"
A1_ready,Mitacs,4320322675,16387,5,200 562KB,https://www.mitacs.ca/projects/,gapscan,,A_static_html,"gap-scan deep-pass 2026-06-04 (direct): 16,387 works; F-id F4320322675; CA; type 5 (static HTML); origin mixed; src: https://www.mitacs.ca/projects/ -- Mitacs direct site shows 29670 completed projects with PI/partner/university/sector searchable; also in open.canada.ca (Business Innovation Internships CSV dataset 2017-2019 covering Accelerate/Elevate); no bulk export from main site confirmed but open.canada.ca provides CSV; mixed origin"
A1_ready,Fundacja na rzecz Nauki Polskiej,4320321042,15340,5,200 1263KB,https://www.fnp.org.pl/en/component/fnp_pages/page/about-laureates,gapscan,,A_static_html,"gap-scan deep-pass 2026-06-04 (direct): 15,340 works; F-id F4320321042; PL; type 5 (static HTML); origin direct; src: https://www.fnp.org.pl/en/component/fnp_pages/page/about-laureates -- FNP laureates page confirmed: HTML table of awardees across 8+ programmes (START 2017-2026 etc.) with name and institution; no bulk download but scrapeable static HTML; hundreds of records confirmed"
A1_ready,"Ministério da Ciência, Tecnologia e Ensino Superior",4320323642,15324,4,200 91KB,https://www.fct.pt/en/sobre/a-fct-em-numeros/projetos-de-id/,gapscan,,A_api_bulk,"gap-scan deep-pass 2026-06-04 (direct): 15,324 works; F-id F4320323642; PT; type 4 (bulk file); origin direct; src: https://www.fct.pt/en/sobre/a-fct-em-numeros/projetos-de-id/ -- FCT Portugal R&D Projects page confirmed: downloadable XLSX and CSV files of funded projects updated November 2024; direct bulk download available"
A1_ready,Takeda Science Foundation,4320309807,14209,5,200 49KB,https://www.takeda-sci.or.jp/research/list.php,gapscan,,A_static_html,"gap-scan 2026-06-04 (direct): 14,209 works; F-id F4320309807; JP; type 5 (static HTML); origin direct; src: https://www.takeda-sci.or.jp/research/list.php -- Takeda Science Foundation publishes structured grant-recipient lists by year (2021-2025) and program; name+institution; HTML scrapeable; 11800+ cumulative recipients"
A1_ready,Natural Science Foundation of Jilin Province,4320310121,13758,5,200 167KB,https://kjt.jl.gov.cn/,gapscan,,A_static_html,"gap-scan deep-pass 2026-06-04 (direct): 13,758 works; F-id F4320310121; CN; type 5 (static HTML); origin direct; src: https://kjt.jl.gov.cn/ -- Jilin S&T dept confirmed active with 科技发展计划项目 publication notices (关于公布2025年吉林省科技发展计划项目); dedicated project management system at jlkjxm.com; 立项 announcement model confirmed"
A1_ready,Österreichische Forschungsförderungsgesellschaft,4320323031,13745,5,200 10KB,https://projekte.ffg.at/,gapscan,,A_static_html,"gap-scan 2026-06-04 (direct): 13,745 works; F-id F4320323031; AT; type 5 (static HTML); origin direct; src: https://projekte.ffg.at/ -- FFG project database (projekte.ffg.at) lists FFG-funded projects from 2015 with recipient consent; also on data.gv.at open-data portal; HTML + open-data"
A1_ready,Irish Research Council,4320321056,13638,5,200 18KB,https://research.ie/awardees/,gapscan,,A_static_html,"gap-scan 2026-06-04 (direct): 13,638 works; F-id F4320321056; IE; type 5 (static HTML); origin direct; src: https://research.ie/awardees/ -- Irish Research Council awardees database (research.ie/awardees_search) keyword-searchable; now Research Ireland; full funded-projects dataset on data.gov.ie open-data"
A1_ready,"Istituto Nazionale di Alta Matematica ""Francesco Severi""",4320311030,13626,5,200 86KB,https://www.altamatematica.it/bandi/,gapscan,,A_static_html,"gap-scan 2026-06-04 (direct): 13,626 works; F-id F4320311030; IT; type 5 (static HTML); origin direct; src: https://www.altamatematica.it/bandi/ -- INdAM publishes bandi/competition results with winners (vincitori) for fellowships/scholarships/research grants; HTML pages by call; math institute"
A1_ready,Chongqing Municipal Education Commission,4320324805,13122,5,200 43KB,https://jw.cq.gov.cn/zwgk/,gapscan,,A_static_html,"gap-scan deep-pass 2026-06-04 (direct): 13,122 works; F-id F4320324805; CN; type 5 (static HTML); origin direct; src: https://jw.cq.gov.cn/zwgk/ -- Prior note confirmed 2025: 1977 projects approved list on jw.cq.gov.cn; search confirms 公告公示 section active; 立项公示 model consistent with prior evidence; keep yes per prior strong evidence"
A1_ready,General Secretariat for Research and Technology,4320321917,13074,5,200 5KB,https://portal.hfri.gr/Projects/,gapscan,,A_static_html,"gap-scan 2026-06-04 (direct): 13,074 works; F-id F4320321917; GR; type 5 (static HTML); origin direct; src: https://portal.hfri.gr/Projects/ -- GSRT/GSRI now operates via HFRI-ELIDEK; HFRI grant-management portal lists funded projects; also GSRI calls; Greece national funder"
A1_ready,Guangdong Science and Technology Department,4320324202,12558,5,200 30KB,https://gdstc.gd.gov.cn/zwgk_n/tzgg/,gapscan,,A_static_html,"gap-scan deep-pass 2026-06-04 (direct): 12,558 works; F-id F4320324202; CN; type 5 (static HTML); origin direct; src: https://gdstc.gd.gov.cn/zwgk_n/tzgg/ -- Guangdong GDSTC confirmed: 拟立项公示 notices published 2026-05-14 (2025年度); pro.gdstc.gd.gov.cn sunshine platform lists project approvals by year; HTML announcement model confirmed"
A1_ready,American Diabetes Association,4320306089,12397,5,200 154KB,https://professional.diabetes.org/research-grants/research-database,gapscan,,A_static_html,"gap-scan 2026-06-04 (direct): 12,397 works; F-id F4320306089; US; type 5 (static HTML); origin direct; src: https://professional.diabetes.org/research-grants/research-database -- ADA searchable Research Database of funded awardees (PI/institution/project); ~190 active awards; HTML scrape; verify export"
A1_ready,Beijing Municipal Science and Technology Commission,4320325902,12243,5,200 49KB,https://kw.beijing.gov.cn/zwgk/tzgg/,gapscan,,A_static_html,"gap-scan deep-pass 2026-06-04 (direct): 12,243 works; F-id F4320325902; CN; type 5 (static HTML); origin direct; src: https://kw.beijing.gov.cn/zwgk/tzgg/ -- Beijing BMSTC confirmed: 2024 Natural Science Foundation 拟资助公告 pages confirmed (1st batch: 60 Distinguished Young + 30 Key + 547 Joint Fund projects); attached project lists (公示链接地址见附件) confirmed at kw.beijing.gov.cn"
A1_ready,"Department for Environment, Food and Rural Affairs, UK Government",4320319995,12037,5,200 5KB,https://randd.defra.gov.uk/,gapscan,,A_static_html,"gap-scan 2026-06-04 (direct): 12,037 works; F-id F4320319995; GB; type 5 (static HTML); origin direct; src: https://randd.defra.gov.uk/ -- Defra Science Search DB of sponsored research; per-project ProjectDetails pages (id-iterable); scrapeable HTML; check search export"
A1_ready,"Nemzeti Kutatási, Fejlesztési és Innovaciós Alap",4320335908,11606,5,200 421KB,https://nkfih.gov.hu/palyazoknak/tamogatott-projektek/tamogatott-projektek,gapscan,,A_static_html,"gap-scan 2026-06-04 (direct): 11,606 works; F-id F4320335908; HU; type 5 (static HTML); origin direct; src: https://nkfih.gov.hu/palyazoknak/tamogatott-projektek/tamogatott-projektek -- Hungarian NRDI Office supported-projects search (Tamogatott projektek keresoje) since 2000/2008; OTKA winners lists; scrapeable HTML"
A1_ready,Georgia Clinical and Translational Science Alliance,4320316438,10959,5,200 43KB,https://georgiactsa.org/funding/pilot-grant-recipients/index.html,gapscan,,A_static_html,"gap-scan 2026-06-04 (direct): 10,959 works; F-id F4320316438; US; type 5 (static HTML); origin direct; src: https://georgiactsa.org/funding/pilot-grant-recipients/index.html -- Georgia CTSA lists all pilot grant recipients by round on their website; 140+ rounds documented publicly"
A1_ready,Japan International Cooperation Agency,4320322716,10616,5,200 75KB,https://www.jica.go.jp/project/english/index.html,gapscan,,A_static_html,"gap-scan 2026-06-04 (direct): 10,616 works; F-id F4320322716; JP; type 5 (static HTML); origin direct; src: https://www.jica.go.jp/project/english/index.html -- JICA maintains a public Technical Cooperation Projects index with per-country/sector project pages; ODA Loan data also at www2.jica.go.jp/en/yen_loan/index.php"
A1_ready,Alberta Innovates,4320325651,9231,5,200 157KB,https://albertainnovates.ca/impact/funded-projects/,gapscan,,A_static_html,"gap-scan 2026-06-04 (direct): 9,231 works; F-id F4320325651; CA; type 5 (static HTML); origin direct; src: https://albertainnovates.ca/impact/funded-projects/ -- Alberta Innovates maintains a funded projects section with lists by program (Better Health; Validate; Market Access; Strategic Research etc.)"
A1_ready,"Sundhed og Sygdom, Det Frie Forskningsråd",4320310483,8956,3,200 438KB,https://dff.dk/hvad-har-vi-stoettet/se-oversigt-over-stoettet-forskning/,gapscan,,A_api_bulk,"gap-scan 2026-06-04 (direct): 8,956 works; F-id F4320310483; DK; type 3 (search/index API); origin direct; src: https://dff.dk/hvad-har-vi-stoettet/se-oversigt-over-stoettet-forskning/ -- Independent Research Fund Denmark (DFF) has a public searchable database of all supported research since 2014; includes Sundhed og Sygdom council; updated regularly"
A1_ready,McKnight Foundation,4320308324,8837,5,200 154KB,https://www.mcknight.org/grants/search-our-grants/,gapscan,,A_static_html,"gap-scan 2026-06-04 (direct): 8,837 works; F-id F4320308324; US; type 5 (static HTML); origin direct; src: https://www.mcknight.org/grants/search-our-grants/ -- Searchable grants database on mcknight.org; updated quarterly; past 5 years; filterable by program and year"
A1_ready,Muscular Dystrophy Association,4320308306,8827,5,200 240KB,https://www.mda.org/science/grants-at-a-glance,gapscan,,A_static_html,"gap-scan 2026-06-04 (direct): 8,827 works; F-id F4320308306; US; type 5 (static HTML); origin direct; src: https://www.mda.org/science/grants-at-a-glance -- ""Grants at a Glance"" searchable portal at mda.org; annual pages plus search; covers 2023-2025+"
A1_ready,Lietuvos Mokslo Taryba,4320322689,8517,3,200 2KB,https://projektai.lmt.lt/,gapscan,,A_api_bulk,"gap-scan 2026-06-04 (direct): 8,517 works; F-id F4320322689; LT; type 3 (search/index API); origin direct; src: https://projektai.lmt.lt/ -- Research Council of Lithuania runs public projects portal at projektai.lmt.lt; additional info at spektras.lmt.lt; searchable funded project database"
A1_ready,Multiple Sclerosis Society,4320320084,8398,5,200 124KB,https://mssociety.org.uk/research/explore-our-research/research-we-fund/search-our-research-projects,gapscan,,A_static_html,"gap-scan 2026-06-04 (direct): 8,398 works; F-id F4320320084; GB; type 5 (static HTML); origin direct; src: https://mssociety.org.uk/research/explore-our-research/research-we-fund/search-our-research-projects -- MS Society UK has dedicated ""Search our research projects"" page listing funded research; filterable project database"
A1_ready,Public Health Agency,4320320853,8319,5,200 63KB,https://research.hscni.net/project-portfolio-year,gapscan,,A_static_html,"gap-scan deep-pass 2026-06-04 (direct): 8,319 works; F-id F4320320853; GB; type 5 (static HTML); origin direct; src: https://research.hscni.net/project-portfolio-year -- HSC R&D Division publishes project portfolio by year at research.hscni.net; project titles listed by category (Fellowship; Enabling Research; Doctoral); no bulk download but structured HTML lists confirmed publicly accessible"
A1_ready,Hjärt-Lungfonden,4320322169,7871,5,200 193KB,https://www.hjart-lungfonden.se/forskning/vara-anslag/,gapscan,,A_static_html,"gap-scan 2026-06-04 (direct): 7,871 works; F-id F4320322169; SE; type 5 (static HTML); origin direct; src: https://www.hjart-lungfonden.se/forskning/vara-anslag/ -- Hjärt-Lungfonden has ""Våra anslag"" (Our grants) section with searchable funded projects from 2008 onward at hjart-lungfonden.se; direct source"
A1_ready,Institute of Museum and Library Services,4320306122,7651,3,200 96KB,https://www.imls.gov/grants/awarded-grants,gapscan,,A_api_bulk,"gap-scan 2026-06-04 (direct): 7,651 works; F-id F4320306122; US; type 3 (search/index API); origin direct; src: https://www.imls.gov/grants/awarded-grants -- IMLS has ""Advanced Search"" awarded grants portal at imls.gov/grants/awarded-grants; searchable by year program state; direct federal agency database"
A1_ready,Fundo para o Desenvolvimento das Ciências e da Tecnologia,4320323893,7576,5,200 4KB,https://www.fdct.gov.mo/en/approvedproject.html,gapscan,,A_static_html,"gap-scan deep-pass 2026-06-04 (direct): 7,576 works; F-id F4320323893; MO; type 5 (static HTML); origin direct; src: https://www.fdct.gov.mo/en/approvedproject.html -- FDCT Macau confirmed Approved Projects and List of Granted Sponsorship sections under Information Disclosure; also Projects Closed section; public HTML listings confirmed at fdct.gov.mo"
A1_ready,Canada First Research Excellence Fund,4320326644,7501,5,200 54KB,https://www.cfref-apogee.gc.ca/results-resultats/index-eng.aspx,gapscan,,A_static_html,"gap-scan 2026-06-04 (direct): 7,501 works; F-id F4320326644; CA; type 5 (static HTML); origin direct; src: https://www.cfref-apogee.gc.ca/results-resultats/index-eng.aspx -- CFREF publishes competition results pages listing all funded institutions and project titles/amounts at cfref-apogee.gc.ca; multiple competition results pages"
A1_ready,Fundação de Amparo à Pesquisa do Estado da Bahia,4320323681,7089,5,200 116KB,https://www.fapesb.ba.gov.br/category/edital/,gapscan,,A_static_html,"gap-scan 2026-06-04 (direct): 7,089 works; F-id F4320323681; BR; type 5 (static HTML); origin direct; src: https://www.fapesb.ba.gov.br/category/edital/ -- FAPESB publishes edital results (contemplados) per call on fapesb.ba.gov.br; static HTML per edital; no single bulk download but structured result pages exist"
A1_ready,National Defense Science and Engineering Graduate,4320333566,7087,5,200 143KB,https://ndseg.org/2022-class-fellows,gapscan,,A_static_html,"gap-scan 2026-06-04 (direct): 7,087 works; F-id F4320333566; US; type 5 (static HTML); origin direct; src: https://ndseg.org/2022-class-fellows -- NDSEG publishes annual class-fellows lists on ndseg.org; per-year HTML pages; also historical archive at ndseg.asee.org"
A1_ready,Hellenic Foundation for Research and Innovation,4320327859,7048,3,200 5KB,https://portal.hfri.gr/Projects/,gapscan,,A_api_bulk,"gap-scan 2026-06-04 (direct): 7,048 works; F-id F4320327859; GR; type 3 (search/index API); origin direct; src: https://portal.hfri.gr/Projects/ -- HFRI portal (portal.hfri.gr/Projects/) lists funded projects by call; also elidek.gr publishes beneficiary lists; searchable index"
A1_ready,Gobierno de Aragón,4320326208,7015,4,200 142KB,https://opendata.aragon.es/datos/catalogo/dataset/convocatorias-ayudas-subvenciones-gobierno-aragon,gapscan,,A_api_bulk,"gap-scan deep-pass 2026-06-04 (direct): 7,015 works; F-id F4320326208; ES; type 4 (bulk file); origin direct; src: https://opendata.aragon.es/datos/catalogo/dataset/convocatorias-ayudas-subvenciones-gobierno-aragon -- Gobierno de Aragon subvenciones dataset confirmed on opendata.aragon.es; XML and JSON formats; daily updates; covers R&D grants from BOA since 2012; CC BY 4.0; also on data.europa.eu"
A1_ready,Fondation de France,4320322646,7005,5,200 262KB,https://www.fondationdefrance.org/en/our-programs,gapscan,,A_static_html,"gap-scan 2026-06-04 (direct): 7,005 works; F-id F4320322646; FR; type 5 (static HTML); origin direct; src: https://www.fondationdefrance.org/en/our-programs -- Fondation de France lists supported projects per program area on fondationdefrance.org; no single bulk DB but structured HTML pages per program"
A1_ready,Breast Cancer Research Foundation,4320306260,6952,5,200 383KB,https://www.bcrf.org/researchers/,gapscan,,A_static_html,"gap-scan 2026-06-04 (direct): 6,952 works; F-id F4320306260; US; type 5 (static HTML); origin direct; src: https://www.bcrf.org/researchers/ -- BCRF ""Meet Our Researchers"" directory lists all 260+ funded scientists with project details; heartfoundation.org.au-style HTML; updated annually"
A1_ready,Indian National Science Academy,4320310654,6902,5,200 101KB,https://insaindia.res.in/recipients-of-insa-senior-scientists/,gapscan,,A_static_html,"gap-scan deep-pass 2026-06-04 (direct): 6,902 works; F-id F4320310654; IN; type 5 (static HTML); origin direct; src: https://insaindia.res.in/recipients-of-insa-senior-scientists/ -- INSA publishes program-specific recipient lists (Senior Scientists 1985-2024; Associate Fellows; Distinguished Professors) on insaindia.res.in; HTML format by year; no bulk download but structured public lists confirmed"
A1_ready,Guizhou Science and Technology Department,4320322272,6780,3,200 62KB,http://kjt.guizhou.gov.cn/gzskjtbmlqcxxt/kjxmcx/,gapscan,,A_api_bulk,"gap-scan deep-pass 2026-06-04 (direct): 6,780 works; F-id F4320322272; CN; type 3 (search/index API); origin direct; src: http://kjt.guizhou.gov.cn/gzskjtbmlqcxxt/kjxmcx/ -- Guizhou S&T Dept public query system confirmed at kjt.guizhou.gov.cn; no login required; shows project category title and implementing org; Chinese-language; also awards query module present"
A1_ready,Dipartimenti di Eccellenza,4320317295,6657,5,200 187KB,https://www.mur.gov.it/it/aree-tematiche/universita/programmazione-e-finanziamenti/dipartimenti-di-eccellenza,gapscan,,A_static_html,"gap-scan 2026-06-04 (direct): 6,657 works; F-id F4320317295; IT; type 5 (static HTML); origin direct; src: https://www.mur.gov.it/it/aree-tematiche/universita/programmazione-e-finanziamenti/dipartimenti-di-eccellenza -- Italian MUR lists all 180 selected Departments of Excellence by period (2018-2022; 2023-2027) on mur.gov.it; static HTML with full department list"
A1_ready,Fondation Leducq,4320320890,6516,5,200 185KB,https://www.fondationleducq.org/international-networks-of-excellence-how-to-apply/funded-networks/,gapscan,,A_static_html,"gap-scan 2026-06-04 (direct): 6,516 works; F-id F4320320890; FR; type 5 (static HTML); origin direct; src: https://www.fondationleducq.org/international-networks-of-excellence-how-to-apply/funded-networks/ -- Fondation Leducq lists all funded networks since 2003 (78 networks) with PI names on fondationleducq.org/funded-networks; static HTML; excellent direct source"
A1_ready,Sigrid Juséliuksen Säätiö,4320323760,6484,5,200 59KB,https://www.sigridjuselius.fi/en/news/,gapscan,,A_static_html,"gap-scan deep-pass 2026-06-04 (direct): 6,484 works; F-id F4320323760; FI; type 5 (static HTML); origin direct; src: https://www.sigridjuselius.fi/en/news/ -- Sigrid Juselius Foundation publishes grant recipient lists; 2024 announcement confirms names available on foundation grant page; EUR 26M awarded 2024; Senior researcher and Fellowship grant lists published December 2024"
A1_ready,Fundação Cearense de Apoio ao Desenvolvimento Científico e Tecnológico,4320323202,6440,5,200 48KB,http://dados.funcap.ce.gov.br/resultados/,gapscan,,A_static_html,"gap-scan 2026-06-04 (direct): 6,440 works; F-id F4320323202; BR; type 5 (static HTML); origin direct; src: http://dados.funcap.ce.gov.br/resultados/ -- FUNCAP Ceara has open data portal at dados.funcap.ce.gov.br with results/funded projects; also per-edital result pages on funcap.ce.gov.br; direct source"
A1_ready,Government of Ontario,4320314607,6438,4,200 38KB,https://data.ontario.ca/en/dataset/ontario-research-funding-summary-current,gapscan,,A_api_bulk,"gap-scan 2026-06-04 (direct): 6,438 works; F-id F4320314607; CA; type 4 (bulk file); origin direct; src: https://data.ontario.ca/en/dataset/ontario-research-funding-summary-current -- Ontario Research Funding Summary dataset on data.ontario.ca (CSV/XLSX); covers Ontario Research Fund and Early Researcher Award; strong direct open-data source"
A1_ready,National Heart Foundation of Australia,4320320442,6381,5,200 1246KB,https://www.heartfoundation.org.au/research/grant-recipients,gapscan,,A_static_html,"gap-scan 2026-06-04 (direct): 6,381 works; F-id F4320320442; AU; type 5 (static HTML); origin direct; src: https://www.heartfoundation.org.au/research/grant-recipients -- National Heart Foundation Australia publishes annual grant-recipient lists per year (2023; 2024; 2025) on heartfoundation.org.au; HTML tables with PI; program; institution; amount"
A1_ready,Naito Foundation,4320309785,6328,5,200 22KB,https://grant.naito-f.or.jp/award/,gapscan,,A_static_html,"gap-scan 2026-06-04 (direct): 6,328 works; F-id F4320309785; JP; type 5 (static HTML); origin direct; src: https://grant.naito-f.or.jp/award/ -- Naito Foundation has award/grant listing page at grant.naito-f.or.jp/award/; lists recipients of annual awards and grants; direct Japanese-language source"
A1_ready,Svenska Läkaresällskapet,4320324618,5841,5,200 60KB,https://www.sls.se/vetenskap/sok-anslag,gapscan,,A_static_html,"gap-scan deep-pass 2026-06-04 (direct): 5,841 works; F-id F4320324618; SE; type 5 (static HTML); origin direct; src: https://www.sls.se/vetenskap/sok-anslag -- SLS publishes awarded grant announcements on sls.se per programme; Researchweb (researchweb.org/is/sls) is application portal requiring login but sls.se lists programme results publicly; ~50M SEK annually; grant results per programme confirmed public"
A1_ready,Innovative Medicines Initiative,4320326631,5793,5,200 621KB,https://www.ihi.europa.eu/projects-results/project-factsheets,gapscan,,A_static_html,"gap-scan 2026-06-04 (direct): 5,793 works; F-id F4320326631; BE; type 5 (static HTML); origin direct; src: https://www.ihi.europa.eu/projects-results/project-factsheets -- IMI became IHI (Innovative Health Initiative); full portfolio of ~200 IMI projects plus IHI projects browsable at ihi.europa.eu/projects-results; factsheets and project list available"
A1_ready,"Natural Science Foundation Project of Chongqing, Chongqing Science and Technology Commission",4320327726,5678,5,200 44KB,https://kjj.cq.gov.cn/zwxx_176/tzgg/202411/t20241108_13781019.html,gapscan,,A_static_html,"gap-scan deep-pass 2026-06-04 (direct): 5,678 works; F-id F4320327726; CN; type 5 (static HTML); origin direct; src: https://kjj.cq.gov.cn/zwxx_176/tzgg/202411/t20241108_13781019.html -- Chongqing CSTC 立项公示 confirmed; Nov 2024 notice lists 39 projects with downloadable attachment; Dec 2024 notice includes R&D project establishment list; same entity as F4320323172 per prior notes; kjj.cq.gov.cn active"
A1_ready,Louisiana Board of Regents,4320309392,5620,5,200 59KB,https://lamda.rsi.laregents.edu/research/funding-opportunities/funded-lamda-seed-proposals/,gapscan,,A_static_html,"gap-scan deep-pass 2026-06-04 (direct): 5,620 works; F-id F4320309392; US; type 5 (static HTML); origin direct; src: https://lamda.rsi.laregents.edu/research/funding-opportunities/funded-lamda-seed-proposals/ -- Louisiana BoR publishes LAMDA funded proposals by year with PI names and institutions; 2020-2024 listed; BoRSF approved 195 projects across 33 campuses per 2024 press release; partial public disclosure confirmed; LOGAN is internal system"
A1_ready,National Computational Infrastructure,4320312169,5616,5,200 13KB,https://anumas.nci.org.au/outcomes/2024/,gapscan,,A_static_html,"gap-scan 2026-06-04 (direct): 5,616 works; F-id F4320312169; AU; type 5 (static HTML); origin direct; src: https://anumas.nci.org.au/outcomes/2024/ -- NCI Australia; ANUMAS (ANU Merit Allocation Scheme) publishes annual allocation outcomes; NCMAS 2025/2026 also has project listings at my.nci.org.au; direct public lists"
A1_ready,Compagnia di San Paolo,4320309746,5555,5,200 120KB,https://www.compagniadisanpaolo.it/en/projects/,gapscan,,A_static_html,"gap-scan 2026-06-04 (direct): 5,555 works; F-id F4320309746; IT; type 5 (static HTML); origin direct; src: https://www.compagniadisanpaolo.it/en/projects/ -- Compagnia di San Paolo Italy; public projects list at compagniadisanpaolo.it/en/projects/; CSP Data Hub tracks SDG alignment; browsable HTML project portfolio"
A1_ready,Fundação de Amparo à Pesquisa e Inovação do Espírito Santo,4320323682,5546,5,200 295KB,https://fapes.es.gov.br/ResultadosdeProjetosApoiadospelaFapes,gapscan,,A_static_html,"gap-scan 2026-06-04 (direct): 5,546 works; F-id F4320323682; BR; type 5 (static HTML); origin direct; src: https://fapes.es.gov.br/ResultadosdeProjetosApoiadospelaFapes -- FAPES Espírito Santo Brazil; dedicated page listing results of supported projects; per-edital results pages at fapes.es.gov.br/Editais/Resultados; direct HTML scrape possible"
A1_ready,Nature,4320330944,5384,5,200 439KB,https://www.nature.com/immersive/gutgrants/index.html,gapscan,,A_static_html,"gap-scan deep-pass 2026-06-04 (direct): 5,384 works; F-id F4320330944; GB; type 5 (static HTML); origin direct; src: https://www.nature.com/immersive/gutgrants/index.html -- Nature as funder: Global Grants for Gut Health confirmed awardees publicly named (2024-25 cycle: Al Khodor and Baldridge confirmed); MDx Impact Grants via Seegene partnership also names awardees; small programmes (~3 gut grants per cycle); static HTML per cycle; no bulk download"
A1_ready,Hunan Provincial Science and Technology Department,4320321471,5345,5,200 102KB,https://kjt.hunan.gov.cn/kjt/xmxx/xmlx/index.html,gapscan,,A_static_html,"gap-scan 2026-06-04 (direct): 5,345 works; F-id F4320321471; CN; type 5 (static HTML); origin direct; src: https://kjt.hunan.gov.cn/kjt/xmxx/xmlx/index.html -- Hunan Provincial S&T Dept China; kjt.hunan.gov.cn publishes project establishment (立项) announcements and public notices per programme; xmxx/xmlx section lists approved projects; HTML scrape feasible"
A1_ready,Scheme for Promotion of Academic and Research Collaboration,4320330412,5345,5,200 27KB,https://sparc.iitkgp.ac.in/,gapscan,,A_static_html,"gap-scan 2026-06-04 (direct): 5,345 works; F-id F4320330412; IN; type 5 (static HTML); origin direct; src: https://sparc.iitkgp.ac.in/ -- SPARC portal at IIT Kharagpur lists selected/approved projects; 850+ proposals approved; static HTML project pages; portal managed by NC institute IIT KGP"
A1_ready,Strategic Research Council,4320335354,5309,5,200 36KB,https://www.aka.fi/en/strategic-research/strategic-research/strategic-research-in-a-nutshell/programmes-and-projects/,gapscan,,A_static_html,"gap-scan 2026-06-04 (direct): 5,309 works; F-id F4320335354; FI; type 5 (static HTML); origin direct; src: https://www.aka.fi/en/strategic-research/strategic-research/strategic-research-in-a-nutshell/programmes-and-projects/ -- Research Council of Finland SRC page lists all funded programmes and projects; individual project pages linked; static HTML scrape"
A1_ready,Jane ja Aatos Erkon Säätiö,4320322282,5259,5,200 205KB,https://jaes.fi/en/donations-granted/donations2024/,gapscan,,A_static_html,"gap-scan 2026-06-04 (direct): 5,259 works; F-id F4320322282; FI; type 5 (static HTML); origin direct; src: https://jaes.fi/en/donations-granted/donations2024/ -- Jane and Aatos Erkko Foundation publishes annual grants-awarded pages (e.g. /donations2024/ /donations2023/) listing recipients and amounts; direct static HTML"
A1_ready,Exploratory Research for Advanced Technology,4320338112,5224,5,200 11KB,https://www.jst.go.jp/erato/en/,gapscan,,A_static_html,"gap-scan 2026-06-04 (direct): 5,224 works; F-id F4320338112; JP; type 5 (static HTML); origin direct; src: https://www.jst.go.jp/erato/en/ -- JST ERATO lists all current and past funded projects with director names and research summaries on jst.go.jp/erato; static HTML"
A1_ready,Fondo de Financiamiento de Centros de Investigación en Áreas Prioritarias,4320338206,5191,5,200 31KB,https://www.conicyt.cl/fondap/centros-fondap/?lang=en,gapscan,,A_static_html,"gap-scan 2026-06-04 (direct): 5,191 works; F-id F4320338206; CL; type 5 (static HTML); origin direct; src: https://www.conicyt.cl/fondap/centros-fondap/?lang=en -- FONDAP Chile lists all funded research centers with descriptions on CONICYT/ANID website; static HTML; now under ANID"
A1_ready,Bundesministerium für Ernährung und Landwirtschaft,4320323499,5029,3,200 217KB,https://www.fisaonline.de/en/find-projects/details/?tx_fisaresearch_projects%5Baction%5D=institutionDetails&tx_fisaresearch_projects%5Bcontroller%5D=Institutions&tx_fisaresearch_projects%5Bi_id%5D=40,gapscan,,A_api_bulk,"gap-scan 2026-06-04 (direct): 5,029 works; F-id F4320323499; DE; type 3 (search/index API); origin direct; src: https://www.fisaonline.de/en/find-projects/details/?tx_fisaresearch_projects%5Baction%5D=institutionDetails&tx_fisaresearch_projects%5Bcontroller%5D=Institutions&tx_fisaresearch_projects%5Bi_id%5D=40 -- BMEL funded projects searchable via FISA (fisaonline.de) - public agricultural/food research information system; project-level search available"
A1_ready,Comisión Interministerial de Ciencia y Tecnología,4320324278,5014,3,200 62KB,https://www.aei.gob.es/en/awarded-grants/awarded-grants-finder,gapscan,,A_api_bulk,"gap-scan deep-pass 2026-06-04 (direct): 5,014 works; F-id F4320324278; ES; type 3 (search/index API); origin direct; src: https://www.aei.gob.es/en/awarded-grants/awarded-grants-finder -- CICYT Spain: current grants via AEI Awarded Grants Finder confirmed as searchable database; BDNS covers historical CICYT grants; AEI finder is direct search API with PI/institution/amount fields; confirmed usable"
A1_ready,NordForsk,4320322885,4915,5,200 47KB,https://www.nordforsk.org/projects,gapscan,,A_static_html,"gap-scan 2026-06-04 (direct): 4,915 works; F-id F4320322885; NO; type 5 (static HTML); origin direct; src: https://www.nordforsk.org/projects -- NordForsk has a public projects page listing all funded projects with descriptions and links; static HTML scrape feasible"
A1_ready,Prostate Cancer Foundation,4320306163,4897,5,200 486KB,https://www.pcf.org/our-work/the-work-we-fund/,gapscan,,A_static_html,"gap-scan 2026-06-04 (direct): 4,897 works; F-id F4320306163; US; type 5 (static HTML); origin direct; src: https://www.pcf.org/our-work/the-work-we-fund/ -- Prostate Cancer Foundation lists funded research and award recipients on pcf.org; annual award announcements with full recipient lists; static HTML"
A1_ready,Diabetes UK,4320320065,4763,5,200 216KB,https://www.diabetes.org.uk/our-research/about-our-research/our-funded-projects,gapscan,,A_static_html,"gap-scan 2026-06-04 (direct): 4,763 works; F-id F4320320065; GB; type 5 (static HTML); origin direct; src: https://www.diabetes.org.uk/our-research/about-our-research/our-funded-projects -- Diabetes UK has a searchable funded projects page listing ~120 active research projects; filterable by area and type; excellent direct source"
A1_ready,Türkiye Bilimler Akademisi,4320322628,4763,5,200 35KB,https://www.tuba.gov.tr/en/tuba-awards,gapscan,,A_static_html,"gap-scan 2026-06-04 (direct): 4,763 works; F-id F4320322628; TR; type 5 (static HTML); origin direct; src: https://www.tuba.gov.tr/en/tuba-awards -- TUBA Turkish Academy of Sciences lists award recipients (GEBiP young scientists; academy prizes) on website; static HTML; fellowship recipients named with institutions"
A1_ready,Helse Sør-Øst RHF,4320335102,4750,4,200 2740KB,https://www.helse-sorost.no/4aee52/contentassets/7c84e81a540f46809f6b17cb87483707/tildelinger---regionale-forskningsmidler-2011-til-2023.pdf,pdf;gapscan,,A_api_bulk,"gap-scan 2026-06-04 (direct): 4,750 works; F-id F4320335102; NO; type 4 (bulk file); origin direct; src: https://www.helse-sorost.no/4aee52/contentassets/7c84e81a540f46809f6b17cb87483707/tildelinger---regionale-forskningsmidler-2011-til-2023.pdf -- Helse Sor-Ost RHF publishes comprehensive PDF lists of all awarded research projects 2011-2023; also annual board documents with 2024+ allocations; bulk PDF/CSV"
A1_ready,"Canada Excellence Research Chairs, Government of Canada",4320321481,4732,5,200 57KB,https://www.cerc.gc.ca/results-resultats/index-eng.aspx,gapscan,,A_static_html,"gap-scan 2026-06-04 (direct): 4,732 works; F-id F4320321481; CA; type 5 (static HTML); origin direct; src: https://www.cerc.gc.ca/results-resultats/index-eng.aspx -- Canada Excellence Research Chairs program publishes complete competition results listing all awarded chairs by name institution and research area; excellent direct source"
A1_ready,Technology Agency of the Czech Republic,4320315323,4647,3,200 160KB,https://starfos.tacr.cz/en/projekty,gapscan,,A_api_bulk,"gap-scan 2026-06-04 (direct): 4,647 works; F-id F4320315323; CZ; type 3 (search/index API); origin direct; src: https://starfos.tacr.cz/en/projekty -- Starfos full-text search engine for Czech public-funded R&D projects; covers all TA CR programmes; English available"
A1_ready,"Staatssekretariat für Bildung, Forschung und Innovation",4320335238,4430,3,200 28KB,https://www.aramis.admin.ch/,gapscan,,A_api_bulk,"gap-scan 2026-06-04 (direct): 4,430 works; F-id F4320335238; CH; type 3 (search/index API); origin direct; src: https://www.aramis.admin.ch/ -- ARAMIS is the Swiss federal research DB covering all SBFI/SERI-funded projects since 1997; searchable; open public section; data also on opendata.swiss"
A1_ready,Sumitomo Foundation,4320310657,4427,5,200 10KB,https://www.sumitomo.or.jp/e/Jare/japanrela.html,gapscan,,A_static_html,"gap-scan 2026-06-04 (direct): 4,427 works; F-id F4320310657; JP; type 5 (static HTML); origin direct; src: https://www.sumitomo.or.jp/e/Jare/japanrela.html -- Annual award lists (HTML pages) per fiscal year for Japan-related research and environmental grants; each year has named grantee list"
A1_ready,Arthritis Foundation,4320306237,4379,5,200 102KB,https://www.arthritis.org/science/funding-opportunities,gapscan,,A_static_html,"gap-scan 2026-06-04 (direct): 4,379 works; F-id F4320306237; US; type 5 (static HTML); origin direct; src: https://www.arthritis.org/science/funding-opportunities -- Arthritis Foundation publishes press releases with full awardee names and institutions per grant round (RA; CARRA; OA); multiple years available"
A1_ready,Deutsche Bundesstiftung Umwelt,4320309954,4340,3,200 73KB,https://www.dbu.de/projekte/foerderergebnisse/projektdatenbank/,gapscan,,A_api_bulk,"gap-scan 2026-06-04 (direct): 4,340 works; F-id F4320309954; DE; type 3 (search/index API); origin direct; src: https://www.dbu.de/projekte/foerderergebnisse/projektdatenbank/ -- DBU Projektdatenbank covers 11300+ funded projects since 1991 with searchable interface; project number; grantee; description; duration; amount"
A1_ready,Oesterreichische Nationalbank,4320322325,4340,3,200 135KB,https://www.oenb.at/Ueber-Uns/Forschungsfoerderung/Jubilaeumsfonds/projektabfrage.html,gapscan,,A_api_bulk,"gap-scan 2026-06-04 (direct): 4,340 works; F-id F4320322325; AT; type 3 (search/index API); origin direct; src: https://www.oenb.at/Ueber-Uns/Forschungsfoerderung/Jubilaeumsfonds/projektabfrage.html -- OeNB Jubiläumsfonds Projektabfrage is a searchable project database with 10000+ funded projects since 1966; PI; institution; short report; publications"
A1_ready,Vienna Science and Technology Fund,4320321003,4309,3,200 86KB,https://www.wwtf.at/funding/project-database/index.php?lang=EN,gapscan,,A_api_bulk,"gap-scan 2026-06-04 (direct): 4,309 works; F-id F4320321003; AT; type 3 (search/index API); origin direct; src: https://www.wwtf.at/funding/project-database/index.php?lang=EN -- WWTF project database lists all funded projects since 2003 with PI; institution; title; funding amount; programme; searchable"
A1_ready,Geological Society of America,4320308681,4306,4,200 436KB,https://www.geosociety.org/GSA/grants/gradgrants.aspx,pdf;gapscan,,A_api_bulk,"gap-scan 2026-06-04 (direct): 4,306 works; F-id F4320308681; US; type 4 (bulk file); origin direct; src: https://www.geosociety.org/GSA/grants/gradgrants.aspx -- GSA publishes annual graduate grant recipient lists as PDFs (published in GSA Today); each year available at geosociety.org/documents/gsa/grants/"
A1_ready,Swedish Cancer Foundation,4320313607,4300,5,200 139KB,https://www.cancerfonden.se/forskning/for-forskare/samtliga-anslagsbeslut,gapscan,,A_static_html,"gap-scan 2026-06-04 (direct): 4,300 works; F-id F4320313607; SE; type 5 (static HTML); origin direct; src: https://www.cancerfonden.se/forskning/for-forskare/samtliga-anslagsbeslut -- Cancerfonden publishes all grant decisions since 2013; researcher name; institution; project title; amount; filterable by year"
A1_ready,National Institute of Justice,4320337430,4283,3,200 115KB,https://nij.ojp.gov/funding/awards/list,gapscan,,A_api_bulk,"gap-scan 2026-06-04 (direct): 4,283 works; F-id F4320337430; US; type 3 (search/index API); origin direct; src: https://nij.ojp.gov/funding/awards/list -- NIJ Awards database lists all funded projects since 2003 with award details; description; products generated; fully searchable and filterable"
A1_ready,US-UK Fulbright Commission,4320320177,4126,5,200 2105KB,https://fulbright.org.uk/our-community/meet-our-grantees/,gapscan,,A_static_html,"gap-scan 2026-06-04 (direct): 4,126 works; F-id F4320320177; GB; type 5 (static HTML); origin direct; src: https://fulbright.org.uk/our-community/meet-our-grantees/ -- US-UK Fulbright Commission lists current and archived grantees by year and award type; static HTML pages per cohort at fulbright.org.uk/about-us/meet-our-fulbrighters/"
A1_ready,The Wellcome Trust DBT India Alliance,4320325580,4060,5,200 8KB,https://www.indiaalliance.org/recently-recommended-awardees,gapscan,,A_static_html,"gap-scan 2026-06-04 (direct): 4,060 works; F-id F4320325580; IN; type 5 (static HTML); origin direct; src: https://www.indiaalliance.org/recently-recommended-awardees -- India Alliance (Wellcome DBT) publishes per-cohort awardee lists and fellows corner; static HTML pages; also annual report site ar.indiaalliance.org"
A1_ready,Alliance de recherche numérique du Canada,4320331257,4052,5,200 239KB,https://www.alliancecan.ca/en/initiatives/dri-investments,gapscan,,A_static_html,"gap-scan 2026-06-04 (direct): 4,052 works; F-id F4320331257; CA; type 5 (static HTML); origin direct; src: https://www.alliancecan.ca/en/initiatives/dri-investments -- Digital Research Alliance Canada lists funded DRI investments with named institutions and amounts; multiple award announcement pages on alliancecan.ca"
A1_ready,Crafoordska Stiftelsen,4320321761,3991,5,200 37KB,https://www.crafoord.se/en/the-crafoord-foundation/annual-report/,gapscan,,A_static_html,"gap-scan 2026-06-04 (direct): 3,991 works; F-id F4320321761; SE; type 5 (static HTML); origin direct; src: https://www.crafoord.se/en/the-crafoord-foundation/annual-report/ -- Crafoordska Stiftelsen (Sweden); awarded grants published annually on crafoord.se; Anna-Greta Crafoord sister foundation at en.annagretacrafoord.se/info/research-grants/grants-awarded.aspx also has list"
A1_ready,AXA Research Fund,4320321048,3873,5,200 187KB,https://axa-research.org/funded-projects,gapscan,,A_static_html,"gap-scan 2026-06-04 (direct): 3,873 works; F-id F4320321048; FR; type 5 (static HTML); origin direct; src: https://axa-research.org/funded-projects -- AXA Research Fund; dedicated funded-projects page with world map and full project list; 750+ projects in 39 countries since 2008"
A1_ready,Vlaamse Interuniversitaire Raad,4320323782,3849,5,200 214KB,https://www.vliruos.be/get-funded,gapscan,,A_static_html,"gap-scan 2026-06-04 (direct): 3,849 works; F-id F4320323782; BE; type 5 (static HTML); origin direct; src: https://www.vliruos.be/get-funded -- VLIR-UOS (Belgium); funded scholarship and partnership programmes listed at vliruos.be; open and recently-closed calls with beneficiary info"
A1_ready,European Foundation for the Study of Diabetes,4320320870,3807,5,200 21KB,https://www.europeandiabetesfoundation.org/recipients/,gapscan,,A_static_html,"gap-scan 2026-06-04 (direct): 3,807 works; F-id F4320320870; DE; type 5 (static HTML); origin direct; src: https://www.europeandiabetesfoundation.org/recipients/ -- EFSD; per-programme recipient lists at europeandiabetesfoundation.org/recipients/; includes multiple years and grant types; also recipients-list.html page"
A1_ready,Gruppo Nazionale per il Calcolo Scientifico,4320334079,3744,5,200 55KB,https://www.altamatematica.it/gncs/attivita/progetti-di-ricerca/,gapscan,,A_static_html,"gap-scan 2026-06-04 (direct): 3,744 works; F-id F4320334079; IT; type 5 (static HTML); origin direct; src: https://www.altamatematica.it/gncs/attivita/progetti-di-ricerca/ -- INdAM GNCS posts annual funded research projects list on altamatematica.it; static HTML pages per year; includes PI name, institution, amount; directly scrapeable"
A1_ready,Science and Technology Research Partnership for Sustainable Development,4320338125,3744,5,200 34KB,https://www.jst.go.jp/global/english/,gapscan,,A_static_html,"gap-scan 2026-06-04 (direct): 3,744 works; F-id F4320338125; JP; type 5 (static HTML); origin direct; src: https://www.jst.go.jp/global/english/ -- SATREPS projects listed on JST site per fiscal year; press releases list all selected projects with country and PI; also JICA site; ~10-12 projects/year; static HTML"
A1_ready,Baden-Württemberg Stiftung,4320310414,3740,5,200 78KB,https://www.bwstiftung.de/de/programme/,gapscan,,A_static_html,"gap-scan 2026-06-04 (direct): 3,740 works; F-id F4320310414; DE; type 5 (static HTML); origin direct; src: https://www.bwstiftung.de/de/programme/ -- Baden-Württemberg Stiftung lists funded projects under each programme page on bwstiftung.de; no unified search DB but programme-level HTML pages enumerate projects; static scrape feasible"
A1_ready,Koneen Säätiö,4320323433,3715,5,200 134KB,https://koneensaatio.fi/en/awarded-grants/,gapscan,,A_static_html,"gap-scan 2026-06-04 (direct): 3,715 works; F-id F4320323433; FI; type 5 (static HTML); origin direct; src: https://koneensaatio.fi/en/awarded-grants/ -- Kone Foundation publishes full awarded-grants list at koneensaatio.fi/en/awarded-grants/ with searchable/filterable HTML; grants from 2018+; includes PI, project, amount; excellent direct source"
A1_ready,Centro para el Desarrollo Tecnológico Industrial,4320321043,3706,4,200 0KB,https://www.cdti.es/en/approved-projects,gapscan,,A_api_bulk,"gap-scan 2026-06-04 (direct): 3,706 works; F-id F4320321043; ES; type 4 (bulk file); origin direct; src: https://www.cdti.es/en/approved-projects -- CDTI Spain has a ""DATA OPEN"" approved projects page; also publishes to BDNS (Spain national subsidies DB); direct open-data portal on cdti.es; source_type likely bulk data/CSV"
A1_ready,Danish International Development Agency,4320335604,3619,3,200 11KB,https://openaid.um.dk/,gapscan,,A_api_bulk,"gap-scan 2026-06-04 (direct): 3,619 works; F-id F4320335604; DK; type 3 (search/index API); origin direct; src: https://openaid.um.dk/ -- DANIDA/Denmark MFA publishes all development aid grants at openaid.um.dk; searchable open data portal with project-level detail; also IATI-compliant; excellent direct source"
A1_ready,Direktoratet for Utviklingssamarbeid,4320332589,3603,3,200 2KB,https://resultater.norad.no/en,gapscan,,A_api_bulk,"gap-scan 2026-06-04 (direct): 3,603 works; F-id F4320332589; NO; type 3 (search/index API); origin direct; src: https://resultater.norad.no/en -- NORAD publishes all grant agreements on resultater.norad.no (Norwegian Development Aid Statistics portal); also MFA grants portal with monthly updates; IATI-compliant; excellent direct source"
A1_ready,California Department of Transportation,4320308025,3577,5,200 29KB,https://dot.ca.gov/programs/research-innovation-system-information/caltrans-research-porfolio,gapscan,,A_static_html,"gap-scan 2026-06-04 (direct): 3,577 works; F-id F4320308025; US; type 5 (static HTML); origin direct; src: https://dot.ca.gov/programs/research-innovation-system-information/caltrans-research-porfolio -- Caltrans maintains Research Portfolio page and RPMD database; Research Notes and Research Results pages list all funded projects with PIs and reports on dot.ca.gov; direct and scrapeable"
A1_ready,Smoking Research Foundation,4320322555,3538,5,200 32KB,https://www.srf.or.jp/project/research_g.html,gapscan,,A_static_html,"gap-scan 2026-06-04 (direct): 3,538 works; F-id F4320322555; JP; type 5 (static HTML); origin direct; src: https://www.srf.or.jp/project/research_g.html -- Smoking Research Foundation Japan posts funded project lists (general and young researcher grants) on srf.or.jp; Japanese-language HTML pages; annual reports also published; direct source"
A1_ready,American Society of Nephrology,4320306605,3499,5,200 37KB,https://www.kidneycure.org/grants/tig/recipients.aspx,gapscan,,A_static_html,"gap-scan 2026-06-04 (direct): 3,499 works; F-id F4320306605; US; type 5 (static HTML); origin direct; src: https://www.kidneycure.org/grants/tig/recipients.aspx -- KidneyCure (ASN Foundation) publishes per-program HTML recipient lists by year with names and research topics; no institution field but ~30 yrs of data; scrapeable static HTML"
A1_ready,Croucher Foundation,4320320904,3492,5,200 66KB,https://scholars.croucher.org.hk/award_types/sch,gapscan,,A_static_html,"gap-scan 2026-06-04 (direct): 3,492 works; F-id F4320320904; HK; type 5 (static HTML); origin direct; src: https://scholars.croucher.org.hk/award_types/sch -- Searchable HTML list of 589+ scholars with name/year/institution; paginated ~12 pages; no download but easily scraped; separate pages for fellowships and other award types"
A1_ready,Institut Polaire Français Paul Emile Victor,4320322894,3490,5,200 147KB,https://institut-polaire.fr/fr/recherches-scientifiques/programmes-soutenus/,gapscan,,A_static_html,"gap-scan deep-pass 2026-06-04 (direct): 3,490 works; F-id F4320322894; FR; type 5 (static HTML); origin direct; src: https://institut-polaire.fr/fr/recherches-scientifiques/programmes-soutenus/ -- Confirmed: filterable web directory of supported programs with project numbers/acronyms/region/domain; individual project pages linkable; no PI names on overview but per-project pages exist; scrapeable static HTML"
A1_ready,Jenny ja Antti Wihurin Rahasto,4320334901,3480,5,200 85KB,http://www.wihurinrahasto.fi/myonnot/,gapscan,,A_static_html,"gap-scan 2026-06-04 (direct): 3,480 works; F-id F4320334901; FI; type 5 (static HTML); origin direct; src: http://www.wihurinrahasto.fi/myonnot/ -- Finnish-language filterable list of funded decisions 2014-2025 with recipient names and euro amounts; paginated web interface; no export; scrapeable HTML"
A1_ready,Banco Bilbao Vizcaya Argentaria,4320323113,3451,5,200 2277KB,https://redleonardo.es/becarios/,gapscan,,A_static_html,"gap-scan deep-pass 2026-06-04 (direct): 3,451 works; F-id F4320323113; ES; type 5 (static HTML); origin direct; src: https://redleonardo.es/becarios/ -- Confirmed: redleonardo.es/becarios lists all Leonardo grant recipients 2014-2025 by year and discipline with names; 11 academic disciplines; no bulk download but structured HTML directory scrapeable; BBVA Foundation direct source"
A1_ready,Latvijas Zinātnes Padome,4320323269,3370,5,200 220KB,https://www.lzp.gov.lv/lv/projekti,gapscan,,A_static_html,"gap-scan deep-pass 2026-06-04 (direct): 3,370 works; F-id F4320323269; LV; type 5 (static HTML); origin direct; src: https://www.lzp.gov.lv/lv/projekti -- Confirmed: Latvian Council of Science /lv/projekti lists funded projects with PI names (e.g. Vineta Silkāne) institutions (Vidzemes University) and budgets; filterable by category/status/date; sciencelatvia.gov.lv national system also exists"
A1_ready,Cancer Research Society,4320311169,3336,5,200 122KB,https://cancerresearchsociety.ca/funding-programs/operating-grants/,gapscan,,A_static_html,"gap-scan 2026-06-04 (direct): 3,336 works; F-id F4320311169; CA; type 5 (static HTML); origin direct; src: https://cancerresearchsociety.ca/funding-programs/operating-grants/ -- Cancer Research Society Canada publishes funded recipient lists via linked Box document per grant cycle; names and project titles available; static HTML/document; ~157 projects in 2025"
A1_ready,Fundació la Marató de TV3,4320310701,3321,5,200 118KB,https://www.3cat.cat/tv3/marato/en/recerca/projectes-financats/,gapscan,,A_static_html,"gap-scan 2026-06-04 (direct): 3,321 works; F-id F4320310701; ES; type 5 (static HTML); origin direct; src: https://www.3cat.cat/tv3/marato/en/recerca/projectes-financats/ -- La Marató TV3 publishes all 1084 funded projects organized by year (1995-2024) with project titles; individual project pages available; scrapeable static HTML"
A1_ready,Bundesamt für Umwelt,4320334856,3312,3,200 103KB,https://www.aramis.admin.ch/Projektsuche/?Sprache=en-US,gapscan,,A_api_bulk,"gap-scan 2026-06-04 (direct): 3,312 works; F-id F4320334856; CH; type 3 (search/index API); origin direct; src: https://www.aramis.admin.ch/Projektsuche/?Sprache=en-US -- BAFU research projects listed in Swiss federal ARAMIS database; searchable by agency abbreviation; Excel export available (intermittent); CKAN listing also on opendata.swiss"
A1_ready,Research Promotion Foundation,4320321002,3282,4,200 370KB,https://www.research.org.cy/en/funded-projects/,pdf;gapscan,,A_api_bulk,"gap-scan deep-pass 2026-06-04 (direct): 3,282 works; F-id F4320321002; CY; type 4 (bulk file); origin direct; src: https://www.research.org.cy/en/funded-projects/ -- Confirmed: Cyprus RIF funded projects page has downloadable Excel (2016-2025) plus PDFs for 1997-2015; project-level data with institutions in Excel; strong direct source"
A1_ready,"Department for International Development, UK Government",4320319996,3273,3,200 47KB,https://devtracker.fcdo.gov.uk/,gapscan,,A_api_bulk,"gap-scan 2026-06-04 (direct): 3,273 works; F-id F4320319996; GB; type 3 (search/index API); origin direct; src: https://devtracker.fcdo.gov.uk/ -- DFID/FCDO Development Tracker lists international development programmes including research; IATI-standard data; R4D portal at r4d.dfid.gov.uk lists research outputs; aggregator also via data.gov.uk"
A1_ready,International Science and Technology Center,4320320952,3272,5,200 62KB,https://istc.int/projects,gapscan,,A_static_html,"gap-scan 2026-06-04 (direct): 3,272 works; F-id F4320320952; RU; type 5 (static HTML); origin direct; src: https://istc.int/projects -- ISTC lists 4200+ funded projects with titles and IDs across 38+ pages; advanced search by field/country/status; no bulk download confirmed but scrapeable paginated HTML"
A1_ready,Israel Academy of Sciences and Humanities,4320322248,3272,5,200 56KB,https://www.academy.ac.il,gapscan,,A_static_html,"gap-scan deep-pass 2026-06-04 (direct): 3,272 works; F-id F4320322248; IL; type 5 (static HTML); origin direct; src: https://www.academy.ac.il -- Israel Academy of Sciences lists Adams Fellowship recipients (155 fellows) and other program awardees on per-program HTML pages; confirmed PI-name listings per program; scrapeable individual program pages; no unified DB"
A1_ready,American Association for Cancer Research,4320306091,3229,5,200 276KB,https://www.aacr.org/professionals/research-funding/funded-research/,gapscan,,A_static_html,"gap-scan 2026-06-04 (direct): 3,229 works; F-id F4320306091; US; type 5 (static HTML); origin direct; src: https://www.aacr.org/professionals/research-funding/funded-research/ -- AACR Funded Research section plus Grantee Archive at /grantees/; browse by grant type; >3400 scientists funded since 1993"
A1_ready,Arnold and Mabel Beckman Foundation,4320306253,3210,5,200 172KB,https://www.beckman-foundation.org/awarded-scientists/,gapscan,,A_static_html,"gap-scan 2026-06-04 (direct): 3,210 works; F-id F4320306253; US; type 5 (static HTML); origin direct; src: https://www.beckman-foundation.org/awarded-scientists/ -- Beckman Foundation Awarded Scientists page lists awardees by program (Scholars; Young Investigators; Postdoctoral Fellows); static HTML"
A1_ready,African Union,4320327380,3210,5,200 94KB,https://au.int/en/aurg,gapscan,,A_static_html,"gap-scan deep-pass 2026-06-04 (direct): 3,210 works; F-id F4320327380; ET; type 5 (static HTML); origin direct; src: https://au.int/en/aurg -- au.int/en/aurg page lists 2016 and 2018 AURG call grant contract awardees in static HTML; limited to two historical calls but confirmed public awardee list exists; no ongoing searchable DB."
A1_ready,"Ontario Ministry of Agriculture, Food and Rural Affairs",4320319908,3141,3,200 34KB,https://omafra2.smartsimple.ca/files/1855218/f380484/index.html,gapscan,,A_api_bulk,"gap-scan 2026-06-04 (direct): 3,141 works; F-id F4320319908; CA; type 3 (search/index API); origin direct; src: https://omafra2.smartsimple.ca/files/1855218/f380484/index.html -- OMAFRA Ontario Agri-Food Research & Innovation Portal (OAFRIP) is a searchable DB of provincially-funded research projects since 1996; ~$60M/yr"
A1_ready,BrightFocus Foundation,4320308990,3125,3,200 197KB,https://www.brightfocus.org/explore-research/,gapscan,,A_api_bulk,"gap-scan 2026-06-04 (direct): 3,125 works; F-id F4320308990; US; type 3 (search/index API); origin direct; src: https://www.brightfocus.org/explore-research/ -- BrightFocus Foundation Grant Search at /explore-research/ is a searchable funded-grants DB; 200+ active grants across Alzheimer/macular degeneration/glaucoma programs"
A1_ready,Sydäntutkimussäätiö,4320323333,3097,5,200 44KB,https://www.sydantutkimussaatio.fi/en/grants,gapscan,,A_static_html,"gap-scan deep-pass 2026-06-04 (direct): 3,097 works; F-id F4320323333; FI; type 5 (static HTML); origin direct; src: https://www.sydantutkimussaatio.fi/en/grants -- Finnish Foundation for Cardiovascular Research publishes annual named grant recipient list each May; 2026 list announced for May publication; static HTML pages per year; ~76 researchers; no bulk DB but confirmed annual public awardee publication."
A1_ready,Gauss Centre for Supercomputing,4320331625,3043,5,200 59KB,https://www.gauss-centre.eu/results/large-scale-projects,gapscan,,A_static_html,"gap-scan 2026-06-04 (direct): 3,043 works; F-id F4320331625; DE; type 5 (static HTML); origin direct; src: https://www.gauss-centre.eu/results/large-scale-projects -- Gauss Centre for Supercomputing lists all awarded Large-Scale Projects by call on gauss-centre.eu/results/; HPC allocations not monetary grants but equivalent funded-access records"
A1_ready,Mochida Memorial Foundation for Medical and Pharmaceutical Research,4320323467,3036,4,200 8KB,https://www.mochidazaidan.or.jp/document.html,pdf;gapscan,,A_api_bulk,"gap-scan deep-pass 2026-06-04 (direct): 3,036 works; F-id F4320323467; JP; type 4 (bulk file); origin direct; src: https://www.mochidazaidan.or.jp/document.html -- mochidazaidan.or.jp/document.html confirmed to host downloadable Excel (XLSX ~14-25 KB) and PDF files listing research grant recipients (研究助成) fellowship recipients and study-abroad recipients by year; structured bulk files publicly accessible."
A1_ready,Maternal and Child Health Bureau,4320337558,2970,3,200 72KB,https://data.hrsa.gov/topics/maternal-child-health/mchb-grants,gapscan,,A_api_bulk,"gap-scan 2026-06-04 (direct): 2,970 works; F-id F4320337558; US; type 3 (search/index API); origin direct; src: https://data.hrsa.gov/topics/maternal-child-health/mchb-grants -- HRSA publishes MCHB awarded grants by fiscal year/program/geography; searchable data portal at data.hrsa.gov; also has TVIS and DGIS grant data systems"
A1_ready,"Gruppo Nazionale per l'Analisi Matematica, la Probabilità e le loro Applicazioni",4320333369,2929,4,200 51KB,https://www.altamatematica.it/gnampa/it/archivi/progetti-di-ricerca/,pdf;gapscan,,A_api_bulk,"gap-scan 2026-06-04 (direct): 2,929 works; F-id F4320333369; IT; type 4 (bulk file); origin direct; src: https://www.altamatematica.it/gnampa/it/archivi/progetti-di-ricerca/ -- GNAMPA INdAM publishes annual funded-project PDF lists; archive at altamatematica.it/gnampa; Italian-language; static HTML with yearly PDF downloads"
A1_ready,California Energy Commission,4320308020,2917,5,200 73KB,https://www.energy.ca.gov/funding-opportunities/awards,gapscan,,A_static_html,"gap-scan 2026-06-04 (direct): 2,917 works; F-id F4320308020; US; type 5 (static HTML); origin direct; src: https://www.energy.ca.gov/funding-opportunities/awards -- CEC publishes awards/notices of selection on energy.ca.gov with filter by type/division; historical pre-2022 requires PRA request; direct static HTML list updated regularly"
A1_ready,"Ministerie van Volksgezondheid, Welzijn en Sport",4320321645,2887,3,200 4012KB,https://projecten.zonmw.nl/en,gapscan,,A_api_bulk,"gap-scan 2026-06-04 (direct): 2,887 works; F-id F4320321645; NL; type 3 (search/index API); origin direct; src: https://projecten.zonmw.nl/en -- VWS Netherlands delegates health research funding to ZonMw; ZonMw has searchable project database at projecten.zonmw.nl covering all funded projects with English summaries"
A1_ready,Small Business Innovation Research,4320309030,2868,4,200 33KB,https://www.sbir.gov/data-resources,gapscan,,A_api_bulk,"gap-scan 2026-06-04 (direct): 2,868 works; F-id F4320309030; US; type 4 (bulk file); origin direct; src: https://www.sbir.gov/data-resources -- SBIR has comprehensive awards database; bulk downloads in XLS/JSON/XML (290 MB with abstracts); API available; every award since program inception publicly accessible at sbir.gov"
A1_ready,Rufford Foundation,4320309818,2826,5,200 51KB,https://www.rufford.org/projects/,gapscan,,A_static_html,"gap-scan 2026-06-04 (direct): 2,826 works; F-id F4320309818; GB; type 5 (static HTML); origin direct; src: https://www.rufford.org/projects/ -- Rufford Foundation has comprehensive project directory at rufford.org/projects; 5100+ grants in 150+ countries; browsable by country/category/species; static HTML with individual project pages"
A1_ready,Arizona Biomedical Research Commission,4320332140,2794,5,200 72KB,https://www.azdhs.gov/biomedical/,gapscan,,A_static_html,"gap-scan 2026-06-04 (direct): 2,794 works; F-id F4320332140; US; type 5 (static HTML); origin direct; src: https://www.azdhs.gov/biomedical/ -- Arizona Biomedical Research Commission (ABRC) lists current grant awards by RFGA number/date on azdhs.gov/biomedical; direct static HTML with award pages (RFGA2022-010; RFGA2023-008; RFGA2024-022)"
A1_ready,Canadian Cancer Society Research Institute,4320334576,2769,3,200 92KB,https://cancer.ca/en/research/for-researchers/searchable-grants-database,gapscan,,A_api_bulk,"gap-scan 2026-06-04 (direct): 2,769 works; F-id F4320334576; CA; type 3 (search/index API); origin direct; src: https://cancer.ca/en/research/for-researchers/searchable-grants-database -- Canadian Cancer Society has a searchable grants DB covering all CCS awards since 1999; searchable by researcher/location/program/amount; last updated March 2022 but full portfolio online; no bulk export noted"
A1_ready,Magnus Ehrnroothin Säätiö,4320322400,2737,5,200 180KB,https://magnusehrnroothinsaatio.fi/en/grants/awarded-grants/,gapscan,,A_static_html,"gap-scan 2026-06-04 (direct): 2,737 works; F-id F4320322400; FI; type 5 (static HTML); origin direct; src: https://magnusehrnroothinsaatio.fi/en/grants/awarded-grants/ -- Magnus Ehrnrooth Foundation (Finland); awarded-grants page lists recipients by field/year with names and amounts; filter by year and discipline; no download but static HTML scrape feasible"
A1_ready,Melanoma Research Alliance,4320308296,2721,5,200 39KB,https://www.curemelanoma.org/research/grants,gapscan,,A_static_html,"gap-scan 2026-06-04 (direct): 2,721 works; F-id F4320308296; US; type 5 (static HTML); origin direct; src: https://www.curemelanoma.org/research/grants -- Melanoma Research Alliance (MRA); curemelanoma.org/research/grants hosts the MRA research portfolio; browsable by grant type; no bulk export but HTML scrape feasible; 500+ awards across 158 institutions"
A1_ready,National Breast Cancer Foundation,4320320438,2720,5,200 215KB,https://nbcf.org.au/research/research-projects/,gapscan,,A_static_html,"gap-scan 2026-06-04 (direct): 2,720 works; F-id F4320320438; AU; type 5 (static HTML); origin direct; src: https://nbcf.org.au/research/research-projects/ -- National Breast Cancer Foundation Australia; filterable database of 121+ funded projects with year/grant-type/category filters; individual project pages with full details; no download function noted"
A1_ready,Iketani Science and Technology Foundation,4320325276,2700,5,200 32KB,https://www.iketani-zaidan.or.jp,gapscan,,A_static_html,"gap-scan 2026-06-04 (direct): 2,700 works; F-id F4320325276; JP; type 5 (static HTML); origin direct; src: https://www.iketani-zaidan.or.jp -- Iketani Science and Technology Foundation Japan; site has 助成実績一覧 (list of grant achievements) with keyword search of recipients from FY2009; fields include name/affiliation/research theme/amount; static HTML"
A1_ready,United States - Israel Binational Agricultural Research and Development Fund,4320308883,2664,5,200 1KB,https://www.bard-isus.com/search.htm,gapscan,,A_static_html,"gap-scan 2026-06-04 (direct): 2,664 works; F-id F4320308883; IL; type 5 (static HTML); origin direct; src: https://www.bard-isus.com/search.htm -- BARD website has a searchable project database at bard-isus.com/search.htm; annual award lists also published (e.g. 2020 Awards page); 1300+ projects since 1979"
A1_ready,American Educational Research Association,4320308275,2635,5,200 180KB,https://www.aera.net/Professional-Opportunities-Funding/AERA-Funding-Opportunities/AERA-NSF-Grants-Program/Research-Grants/Funded-Research-Grants,gapscan,,A_static_html,"gap-scan 2026-06-04 (direct): 2,635 works; F-id F4320308275; US; type 5 (static HTML); origin direct; src: https://www.aera.net/Professional-Opportunities-Funding/AERA-Funding-Opportunities/AERA-NSF-Grants-Program/Research-Grants/Funded-Research-Grants -- AERA has a dedicated ""Funded Research Grants"" page listing AERA-NSF grant recipients; also publishes annual dissertation/research grantee announcements"
A1_ready,Oklahoma Center for the Advancement of Science and Technology,4320310627,2617,5,200 90KB,https://oklahoma.gov/ocast/about-ocast/awards.html,gapscan,,A_static_html,"gap-scan 2026-06-04 (direct): 2,617 works; F-id F4320310627; US; type 5 (static HTML); origin direct; src: https://oklahoma.gov/ocast/about-ocast/awards.html -- OCAST publishes awards lists at oklahoma.gov/ocast/about-ocast/awards.html; also has funding portal at funding.ocast.ok.gov; state agency with transparent award disclosures"
A1_ready,Barncancerfonden,4320323766,2607,5,200 231KB,https://www.barncancerfonden.se/for-forskare/forskningsanslag/beviljade-forskningsanslag-och-tjanster/,gapscan,,A_static_html,"gap-scan 2026-06-04 (direct): 2,607 works; F-id F4320323766; SE; type 5 (static HTML); origin direct; src: https://www.barncancerfonden.se/for-forskare/forskningsanslag/beviljade-forskningsanslag-och-tjanster/ -- Barncancerfonden has a ""Beviljade forskningsanslag och tjänster"" page listing all awarded grants; updated annually with ~145M SEK/year across 60 projects; scrape feasible"
A1_ready,Genome British Columbia,4320319973,2576,5,200 263KB,https://www.genomebc.ca/funding/project-list,gapscan,,A_static_html,"gap-scan 2026-06-04 (direct): 2,576 works; F-id F4320319973; CA; type 5 (static HTML); origin direct; src: https://www.genomebc.ca/funding/project-list -- Genome BC has a comprehensive funded project list at genomebc.ca/funding/project-list; 600+ projects browsable; direct static HTML scrape feasible"
A1_ready,Bio-oriented Technology Research Advancement Institution,4320335209,2576,5,200 33KB,https://www.naro.go.jp/laboratory/brain/,gapscan,,A_static_html,"gap-scan deep-pass 2026-06-04 (direct): 2,576 works; F-id F4320335209; JP; type 5 (static HTML); origin direct; src: https://www.naro.go.jp/laboratory/brain/ -- BRAIN/NARO Japan confirmed to publish 採択課題 (selected projects) lists per program (Moonshot; SIP; Smart Agriculture; SBIR); FY2026 newly selected projects announced; structured HTML per program; multiple program-specific pages with PI names and institutions."
A1_ready,Petroleum Technology Development Fund,4320335413,2557,5,200 9KB,https://scholarship.ptdf.gov.ng/,gapscan,,A_static_html,"gap-scan 2026-06-04 (direct): 2,557 works; F-id F4320335413; NG; type 5 (static HTML); origin direct; src: https://scholarship.ptdf.gov.ng/ -- PTDF has a scholarship portal at scholarship.ptdf.gov.ng listing scholarship programs and awardees; primarily scholarship/training not research grants; some public listing"
A1_ready,European Society for Medical Oncology,4320324142,2553,5,200 126KB,https://www.esmo.org/career-development/oncology-fellowships/awardees-and-reports,gapscan,,A_static_html,"gap-scan 2026-06-04 (direct): 2,553 works; F-id F4320324142; CH; type 5 (static HTML); origin direct; src: https://www.esmo.org/career-development/oncology-fellowships/awardees-and-reports -- ESMO publishes fellowship awardees and reports at esmo.org; separate pages for research fellowship and clinical research fellowship awardees; direct scrape feasible"
A1_ready,Wilhelm Sander-Stiftung,4320310707,2552,5,200 402KB,https://www.wilhelm-sander-stiftung.de/en/forschungsprojekte/,gapscan,,A_static_html,"gap-scan 2026-06-04 (direct): 2,552 works; F-id F4320310707; DE; type 5 (static HTML); origin direct; src: https://www.wilhelm-sander-stiftung.de/en/forschungsprojekte/ -- Wilhelm Sander-Stiftung has interactive research projects database with map at wilhelm-sander-stiftung.de/en/forschungsprojekte/; 696 projects since 2013; quarterly award press releases also published"
A1_ready,American Society of Hematology,4320306571,2545,5,200 32KB,https://www.hematology.org/research/programs-awards,gapscan,,A_static_html,"gap-scan 2026-06-04 (direct): 2,545 works; F-id F4320306571; US; type 5 (static HTML); origin direct; src: https://www.hematology.org/research/programs-awards -- ASH publishes research programs and awards pages including ""Supported Research"" listing Bridge Grant / ARCH awardees; funded projects list at hematology.org/awards/career-enhancement-and-training/bridge-grant/supported-research"
A1_ready,New Zealand Government,4320316156,2512,4,200 0KB,https://www.mbie.govt.nz/science-and-technology/science-and-innovation/funding-information-and-opportunities/investment-funds/who-got-funded/,gapscan,,A_api_bulk,"gap-scan deep-pass 2026-06-04 (direct): 2,512 works; F-id F4320316156; NZ; type 4 (bulk file); origin direct; src: https://www.mbie.govt.nz/science-and-technology/science-and-innovation/funding-information-and-opportunities/investment-funds/who-got-funded/ -- MBIE confirmed ""Who got funded"" XLSX (1.7 MB) refreshed monthly covering grants since 2015; excludes Royal Society/HRC/Callaghan Innovation which have own databases"
A1_ready,Agence Nationale de Recherches sur le Sida et les Hépatites Virales,4320321833,2505,3,200 120KB,https://www.anrs.fr/en/chercheurs/projets,gapscan,,A_api_bulk,"gap-scan 2026-06-04 (direct): 2,505 works; F-id F4320321833; FR; type 3 (search/index API); origin direct; src: https://www.anrs.fr/en/chercheurs/projets -- ANRS has a searchable funded-projects database at anrs.fr/en/chercheurs/projets covering all financed projects; also publishes laureate announcements per call; direct source with search/index API-style interface"
A1_ready,Department of Water Resources,4320308027,2496,5,200 119KB,https://water.ca.gov/work-with-us/grants-and-loans,gapscan,,A_static_html,"gap-scan 2026-06-04 (direct): 2,496 works; F-id F4320308027; US; type 5 (static HTML); origin direct; src: https://water.ca.gov/work-with-us/grants-and-loans -- California DWR publishes grant and loan programs with awarded-project lists per program (desalination: 65 projects; IRWM: 42 regions; SGM: 32 subbasins/103 projects); GRanTS system tracks projects; water.ca.gov"
A1_ready,Klaus Tschira Stiftung,4320324316,2443,5,200 96KB,https://klaus-tschira-stiftung.de/en/projects/,gapscan,,A_static_html,"gap-scan 2026-06-04 (direct): 2,443 works; F-id F4320324316; DE; type 5 (static HTML); origin direct; src: https://klaus-tschira-stiftung.de/en/projects/ -- KTS publishes a projects section listing funded projects by area; static HTML scrape feasible; well-structured direct source"
A1_ready,Fondazione Umberto Veronesi,4320322823,2428,5,200 538KB,https://www.fondazioneveronesi.it/news/i-vincitori-dei-bandi-2026-di-fondazione-veronesi,gapscan,,A_static_html,"gap-scan 2026-06-04 (direct): 2,428 works; F-id F4320322823; IT; type 5 (static HTML); origin direct; src: https://www.fondazioneveronesi.it/news/i-vincitori-dei-bandi-2026-di-fondazione-veronesi -- Foundation publishes annual winners lists on its website; static HTML per year; also has researcher profiles; scrape feasible"
A1_ready,"Teknologi og Produktion, Det Frie Forskningsråd",4320310484,2415,3,200 436KB,https://dff.dk/en/our-funded-projects/see-an-overview-of-supported-research/,gapscan,,A_api_bulk,"gap-scan 2026-06-04 (direct): 2,415 works; F-id F4320310484; DK; type 3 (search/index API); origin direct; src: https://dff.dk/en/our-funded-projects/see-an-overview-of-supported-research/ -- DFF publishes full searchable funded-projects database covering all grants since 2014; updated regularly; direct source gem"
A1_ready,Food and Health Bureau,4320323291,2413,4,200 128KB,https://rfs2.healthbureau.gov.hk/images/fundedproject/Approved_Projects_HMRF.pdf,pdf;gapscan,,A_api_bulk,"gap-scan 2026-06-04 (direct): 2,413 works; F-id F4320323291; HK; type 4 (bulk file); origin direct; src: https://rfs2.healthbureau.gov.hk/images/fundedproject/Approved_Projects_HMRF.pdf -- HK Health Bureau publishes HMRF approved-projects PDF (bulk list since 2016-17) plus searchable portal; bulk PDF + search portal"
A1_ready,Haridus- ja Teadusministeerium,4320321976,2393,3,200 6KB,https://www.etis.ee,gapscan,,A_api_bulk,"gap-scan 2026-06-04 (direct): 2,393 works; F-id F4320321976; EE; type 3 (search/index API); origin direct; src: https://www.etis.ee -- Estonian Research Information System (ETIS) managed by ETAg/Ministry of Education; searchable DB of all Estonian R&D projects and grants; direct source gem"
A1_ready,National Comprehensive Cancer Network,4320314458,2383,5,200 146KB,https://www.nccn.org/education-research/nccn-oncology-research-program/orp-grant-history,gapscan,,A_static_html,"gap-scan 2026-06-04 (direct): 2,383 works; F-id F4320314458; US; type 5 (static HTML); origin direct; src: https://www.nccn.org/education-research/nccn-oncology-research-program/orp-grant-history -- NCCN ORP Grant History page lists all awarded grants; Young Investigator Awards listed at nccn.org/YIA; static HTML"
A1_ready,Conquer Cancer Foundation,4320306239,2365,5,200 199KB,https://www.conquer.org/cancer-research/grants-awards,gapscan,,A_static_html,"gap-scan 2026-06-04 (direct): 2,365 works; F-id F4320306239; US; type 5 (static HTML); origin direct; src: https://www.conquer.org/cancer-research/grants-awards -- Conquer Cancer website lists all current and historical grant recipients; searchable recipient database from 1984 to present by name/institution/subject"
A1_ready,Kungliga Fysiografiska Sällskapet i Lund,4320323415,2338,5,200 23KB,https://www.fysiografen.se/sv/stipendierochanslag/stipendieforteckning/,gapscan,,A_static_html,"gap-scan 2026-06-04 (direct): 2,338 works; F-id F4320323415; SE; type 5 (static HTML); origin direct; src: https://www.fysiografen.se/sv/stipendierochanslag/stipendieforteckning/ -- Fysiografen publishes Anslagsförteckning (grant lists) per fund on its website; static HTML per fund category with recipient names"
A1_ready,Ministry of Agriculture - Saskatchewan,4320310866,2318,5,200 57KB,https://www.saskatchewan.ca/business/agriculture-natural-resources-and-industry/agribusiness-farmers-and-ranchers/sustainable-canadian-agricultural-partnership/programs-for-research/agriculture-development-fund,gapscan,,A_static_html,"gap-scan 2026-06-04 (direct): 2,318 works; F-id F4320310866; CA; type 5 (static HTML); origin direct; src: https://www.saskatchewan.ca/business/agriculture-natural-resources-and-industry/agribusiness-farmers-and-ranchers/sustainable-canadian-agricultural-partnership/programs-for-research/agriculture-development-fund -- Saskatchewan ADF publishes funded-project results; news releases list specific recipients/projects; static HTML"
A1_ready,Finska Läkaresällskapet,4320311816,2302,5,200 49KB,https://www.fls.fi/beviljade-forskningsanslag/,gapscan,,A_static_html,"gap-scan deep-pass 2026-06-04 (direct): 2,302 works; F-id F4320311816; FI; type 5 (static HTML); origin direct; src: https://www.fls.fi/beviljade-forskningsanslag/ -- FLS confirmed HTML list of ~150 recipients per 2-year cycle at fls.fi/beviljade-forskningsanslag with names and euro amounts by category; current page shows 2026-2027 cohort; no project titles; multiple year pages likely exist"
A1_ready,Whitehall Foundation,4320306553,2290,5,200 0KB,https://www.whitehall.org/recipients/,gapscan,,A_static_html,"gap-scan 2026-06-04 (direct): 2,290 works; F-id F4320306553; US; type 5 (static HTML); origin direct; src: https://www.whitehall.org/recipients/ -- Whitehall Foundation publishes annual active grants list at whitehall.org/recipients; static HTML; US neuroscience grantees listed by year"
A1_ready,"Ministry of the Environment, Government of Japan",4320323648,2265,5,200 32KB,https://www.env.go.jp/policy/kenkyu/suishin/english/kadai/,gapscan,,A_static_html,"gap-scan 2026-06-04 (direct): 2,265 works; F-id F4320323648; JP; type 5 (static HTML); origin direct; src: https://www.env.go.jp/policy/kenkyu/suishin/english/kadai/ -- Japan MOE ERTDF publishes full list of funded research projects (kadai) at env.go.jp in English; static HTML list by fiscal year"
A1_ready,Indian Council of Social Science Research,4320321023,2252,4,200 549KB,https://www.icssr.org/sites/default/files/2025-03/Major-2024-25.pdf,pdf;gapscan,,A_api_bulk,"gap-scan 2026-06-04 (direct): 2,252 works; F-id F4320321023; IN; type 4 (bulk file); origin direct; src: https://www.icssr.org/sites/default/files/2025-03/Major-2024-25.pdf -- ICSSR publishes annual PDF lists of awarded Major/Minor Research Projects on icssr.org; also result pages per year; bulk PDF download available"
A1_ready,Radiological Society of North America,4320308932,2245,5,200 69KB,https://www.rsna.org/foundation-focus/2025/august/2025-re-foundation-grant-recipients-announced,gapscan,,A_static_html,"gap-scan 2026-06-04 (direct): 2,245 works; F-id F4320308932; US; type 5 (static HTML); origin direct; src: https://www.rsna.org/foundation-focus/2025/august/2025-re-foundation-grant-recipients-announced -- RSNA R&E Foundation publishes annual grant recipients list at rsna.org; searchable grants/awards page; $4.7M+ to 81 recipients in 2025; downloadable booklet"
A1_ready,"Department of Science and Technology, Philippines",4320326272,2233,4,200 7KB,https://data.gov.ph/?q=dataset/department-science-and-technology-grants-aid-dost-gia-approved-programsprojects,gapscan,,A_api_bulk,"gap-scan 2026-06-04 (direct): 2,233 works; F-id F4320326272; PH; type 4 (bulk file); origin direct; src: https://data.gov.ph/?q=dataset/department-science-and-technology-grants-aid-dost-gia-approved-programsprojects -- DOST Philippines Grants-in-Aid approved programs/projects published as CSV on Open Data Philippines (data.gov.ph); multiple years available; confirmed publicly downloadable without login"
A1_ready,"Agência Nacional do Petróleo, Gás Natural e Biocombustíveis",4320323909,2228,3,200 14KB,https://siped.anp.gov.br/,gapscan,,A_api_bulk,"gap-scan 2026-06-04 (direct): 2,228 works; F-id F4320323909; BR; type 3 (search/index API); origin direct; src: https://siped.anp.gov.br/ -- ANP Brazil has SIPED system (siped.anp.gov.br) for mandatory oil-company P&D investments; projects listed at anp.gov.br/pesquisa-desenvolvimento-e-inovacao/investimentos-em-p-d-i/projetos-de-pd-i"
A1_ready,Parkinsonfonden,4320332679,2226,5,200 135KB,https://www.parkinsonfonden.se/forskning/beviljade-anslag/,gapscan,,A_static_html,"gap-scan 2026-06-04 (direct): 2,226 works; F-id F4320332679; SE; type 5 (static HTML); origin direct; src: https://www.parkinsonfonden.se/forskning/beviljade-anslag/ -- Parkinsonfonden Sweden publishes full list of awarded grants (beviljade anslag) by year at parkinsonfonden.se; project titles and PI names listed"
A1_ready,"Bundesministerium für Umwelt, Naturschutz, nukleare Sicherheit und Verbraucherschutz",4320336060,2193,3,200 252KB,https://www.umweltbundesamt.de/themen/nachhaltigkeit-strategien-internationales/information-als-instrument/umweltforschungsdatenbank-ufordat,gapscan,,A_api_bulk,"gap-scan deep-pass 2026-06-04 (direct): 2,193 works; F-id F4320336060; DE; type 3 (search/index API); origin direct; src: https://www.umweltbundesamt.de/themen/nachhaltigkeit-strategien-internationales/information-als-instrument/umweltforschungsdatenbank-ufordat -- UFORDAT confirmed as searchable environmental research database with 200k+ project descriptions covering BMUV Ressortforschung; also foerderdatenbank.de covers BMUV programs; UFORDAT is main searchable source"
A1_ready,Royal Geographical Society,4320320195,2177,5,200 222KB,https://www.rgs.org/in-the-field/in-the-field-grants,gapscan,,A_static_html,"gap-scan 2026-06-04 (direct): 2,177 works; F-id F4320320195; GB; type 5 (static HTML); origin direct; src: https://www.rgs.org/in-the-field/in-the-field-grants -- Royal Geographical Society lists funded projects/grant recipients by year on rgs.org; static HTML pages per grant round"
A1_ready,Georgia Research Alliance,4320310224,2159,5,200 0KB,https://gra.org/page/1012/funding.html,gapscan,,A_static_html,"gap-scan 2026-06-04 (direct): 2,159 works; F-id F4320310224; US; type 5 (static HTML); origin direct; src: https://gra.org/page/1012/funding.html -- Georgia Research Alliance lists portfolio companies and venture-funded startups on gra.org; static HTML pages"
A1_ready,Innovation Fund,4320334111,2155,5,200 398KB,https://climate.ec.europa.eu/eu-action/eu-funding-climate-action/innovation-fund/innovation-fund-projects_en,gapscan,,A_static_html,"gap-scan 2026-06-04 (direct): 2,155 works; F-id F4320334111; ; type 5 (static HTML); origin direct; src: https://climate.ec.europa.eu/eu-action/eu-funding-climate-action/innovation-fund/innovation-fund-projects_en -- EU Innovation Fund maintains a public list of awarded projects with factsheets and interactive dashboard at climate.ec.europa.eu; direct EC source"
A1_ready,Alzheimer's Drug Discovery Foundation,4320307132,2141,3,200 70KB,https://www.alzdiscovery.org/research-and-grants/portfolio,gapscan,,A_api_bulk,"gap-scan 2026-06-04 (direct): 2,141 works; F-id F4320307132; US; type 3 (search/index API); origin direct; src: https://www.alzdiscovery.org/research-and-grants/portfolio -- ADDF has a searchable research portfolio database at alzdiscovery.org listing funded programs and clinical trials; filterable by research area"
A1_ready,Global Environment Facility,4320312592,2141,4,200 286KB,https://www.thegef.org/projects-operations/database,gapscan,,A_api_bulk,"gap-scan 2026-06-04 (direct): 2,141 works; F-id F4320312592; US; type 4 (bulk file); origin direct; src: https://www.thegef.org/projects-operations/database -- GEF maintains a downloadable projects database (5200+ projects) at thegef.org; bulk download available; also a geospatial platform"
A1_ready,National Fish and Wildlife Foundation,4320309787,2131,3,200 81KB,https://www.nfwf.org/grants/grants-library,gapscan,,A_api_bulk,"gap-scan 2026-06-04 (direct): 2,131 works; F-id F4320309787; US; type 3 (search/index API); origin direct; src: https://www.nfwf.org/grants/grants-library -- NFWF has a Grants Library at nfwf.org listing all awarded grants; searchable by program and year; conservation investment reports also available"
A1_ready,Einstein Stiftung Berlin,4320323688,2123,5,200 78KB,https://www.einsteinfoundation.de/en/fellows-projects,gapscan,,A_static_html,"gap-scan 2026-06-04 (direct): 2,123 works; F-id F4320323688; DE; type 5 (static HTML); origin direct; src: https://www.einsteinfoundation.de/en/fellows-projects -- Einstein Foundation Berlin has a Fellows and Projects directory listing all funded scientists and initiatives since inception (~250 scientists; 10 centres)"
A1_ready,Earthwatch Institute,4320306320,2107,5,200 61KB,https://earthwatch.org/expeditions/previously-funded,gapscan,,A_static_html,"gap-scan 2026-06-04 (direct): 2,107 works; F-id F4320306320; US; type 5 (static HTML); origin direct; src: https://earthwatch.org/expeditions/previously-funded -- Earthwatch Institute lists current and previously funded research expeditions/projects on earthwatch.org; active and retired project catalog"
A1_ready,Silicon Valley Community Foundation,4320306192,2083,5,200 70KB,https://www.svcf.org/impact/grants-catalog/grantees-list,gapscan,,A_static_html,"gap-scan deep-pass 2026-06-04 (direct): 2,083 works; F-id F4320306192; US; type 5 (static HTML); origin direct; src: https://www.svcf.org/impact/grants-catalog/grantees-list -- SVCF grantees list confirmed at svcf.org indexed by year (2023-2026) and program category; covers only discretionary grantmaking programs (not donor-advised fund); no bulk download; static HTML per category"
A1_ready,Government of Alberta,4320314105,2064,4,200 93KB,https://open.alberta.ca/opendata/grant-disclosure,gapscan,,A_api_bulk,"gap-scan 2026-06-04 (direct): 2,064 works; F-id F4320314105; CA; type 4 (bulk file); origin direct; src: https://open.alberta.ca/opendata/grant-disclosure -- Government of Alberta publishes quarterly bulk CSV of all grant payments on open.alberta.ca; covers all ministries; updated quarterly since 2014"
A1_ready,Fundación Científica Asociación Española Contra el Cáncer,4320321411,2048,5,200 249KB,https://www.contraelcancer.es/es/investigacion/proyectos-aecc/ultimos-proyectos-adjudicados,gapscan,,A_static_html,"gap-scan 2026-06-04 (direct): 2,048 works; F-id F4320321411; ES; type 5 (static HTML); origin direct; src: https://www.contraelcancer.es/es/investigacion/proyectos-aecc/ultimos-proyectos-adjudicados -- AECC Fundacion Cientifica Spain publishes a list of recently awarded projects at contraelcancer.es; includes PI names and grant types; updated annually"
A1_ready,Flight Attendant Medical Research Institute,4320308625,2044,4,200 647KB,https://famri.org/wp-content/uploads/2023/06/FAMRI_Grantees_2002-2022.pdf,pdf;gapscan,,A_api_bulk,"gap-scan 2026-06-04 (direct): 2,044 works; F-id F4320308625; US; type 4 (bulk file); origin direct; src: https://famri.org/wp-content/uploads/2023/06/FAMRI_Grantees_2002-2022.pdf -- FAMRI publishes a PDF list of all grantees 2002-2022 on famri.org; awards-information page also links current awards; bulk PDF available"
A1_ready,Helse Midt-Norge,4320322752,2039,5,200 32KB,https://www.helse-midt.no/nyheter/2024/tildeling-av-regionale-forskningsmidler-for-2025/,gapscan,,A_static_html,"gap-scan 2026-06-04 (direct): 2,039 works; F-id F4320322752; NO; type 5 (static HTML); origin direct; src: https://www.helse-midt.no/nyheter/2024/tildeling-av-regionale-forskningsmidler-for-2025/ -- Helse Midt-Norge publishes annual award announcements listing funded research projects on helse-midt.no; per-year news pages with project titles and recipients"
A1_ready,Dana Foundation,4320306305,2036,3,200 436KB,https://dana.org/grants-database/,gapscan,,A_api_bulk,"gap-scan 2026-06-04 (direct): 2,036 works; F-id F4320306305; US; type 3 (search/index API); origin direct; src: https://dana.org/grants-database/ -- Dana Foundation has a searchable grants database at dana.org listing funded projects by program area"
A1_ready,Agricultural Research Development Agency,4320323106,2012,3,200 1109KB,https://tarr.arda.or.th/,gapscan,,A_api_bulk,"gap-scan 2026-06-04 (direct): 2,012 works; F-id F4320323106; TH; type 3 (search/index API); origin direct; src: https://tarr.arda.or.th/ -- ARDA Thailand operates the Thailand Agricultural Research Repository (TARR) at tarr.arda.or.th; free public search across ~42,000 agricultural research outputs; CoreTrust-certified digital repository"
A1_ready,"Foundation for Research, Science and Technology",4320313655,2012,4,200 0KB,https://www.mbie.govt.nz/assets/Data-Files/Science-technology/science-innovation/who-got-funded.xlsx,gapscan,,A_api_bulk,"gap-scan deep-pass 2026-06-04 (direct): 2,012 works; F-id F4320313655; NZ; type 4 (bulk file); origin direct; src: https://www.mbie.govt.nz/assets/Data-Files/Science-technology/science-innovation/who-got-funded.xlsx -- Confirmed monthly-updated XLSX (~1.7 MB) at MBIE covering all MBIE-funded science grants since 2015; last updated May 2026; historical FRST data (pre-2015) available only via email request to ssipdatarequests@mbie.govt.nz; no API"
A1_ready,"Department of Social Services, Australian Government",4320320374,2004,3,200 36KB,https://serviceproviders.dss.gov.au/,gapscan,,A_api_bulk,"gap-scan 2026-06-04 (direct): 2,004 works; F-id F4320320374; AU; type 3 (search/index API); origin direct; src: https://serviceproviders.dss.gov.au/ -- Australian DSS publishes Grants Service Providers Directory at serviceproviders.dss.gov.au; also Senate Order grants list at dss.gov.au/senate-orders; grantconnect.gov.au has all Commonwealth grants"
A1_ready,Commonwealth Fund,4320306176,1999,3,200 225KB,https://www.commonwealthfund.org/grants,gapscan,,A_api_bulk,"gap-scan 2026-06-04 (direct): 1,999 works; F-id F4320306176; US; type 3 (search/index API); origin direct; src: https://www.commonwealthfund.org/grants -- Commonwealth Fund has a searchable grants database at /grants listing grantee organizations; rolling LOI process; well-structured public database"
A1_ready,American Philosophical Society,4320306603,1970,5,200 256KB,https://www.amphilsoc.org/2025-2026-aps-grant-and-fellowship-recipients,gapscan,,A_static_html,"gap-scan 2026-06-04 (direct): 1,970 works; F-id F4320306603; US; type 5 (static HTML); origin direct; src: https://www.amphilsoc.org/2025-2026-aps-grant-and-fellowship-recipients -- APS publishes annual grant and fellowship recipient lists on website; annual pages back multiple years; ~300 grants/year; direct and public"
A1_ready,Small and Medium Business Administration,4320334880,1969,3,200 22KB,https://www.ntis.go.kr/en/GpIndex.do,gapscan,,A_api_bulk,"gap-scan 2026-06-04 (direct): 1,969 works; F-id F4320334880; KR; type 3 (search/index API); origin direct; src: https://www.ntis.go.kr/en/GpIndex.do -- SMBA (now Ministry of SMEs and Startups) projects are indexed in Korea NTIS (ntis.go.kr); NTIS is the national R&D information service covering all Korean government-funded research"
A1_ready,Azrieli Foundation,4320323139,1964,5,200 922KB,https://azrielifoundation.org/fellows/directory/,gapscan,,A_static_html,"gap-scan 2026-06-04 (direct): 1,964 works; F-id F4320323139; CA; type 5 (static HTML); origin direct; src: https://azrielifoundation.org/fellows/directory/ -- Azrieli Foundation has a public Fellows Directory at /fellows/directory/ with all fellows by name/track/institution; also Azrieli Science Grants listed; direct and browsable"
A1_ready,Foundation for the Advancement of Theoretical Physics and Mathematics,4320327755,1962,5,200 150KB,https://basis-foundation.ru/general-competitions/math/research-grants/leader/winners,gapscan,,A_static_html,"gap-scan 2026-06-04 (direct): 1,962 works; F-id F4320327755; RU; type 5 (static HTML); origin direct; src: https://basis-foundation.ru/general-competitions/math/research-grants/leader/winners -- BASIS Foundation Russia publishes winner lists for all competition categories (Leader/Junior Leader/PostDoc/PhD) at basis-foundation.ru; annual winner pages in Russian; direct and public"
A1_ready,Lupus Research Alliance,4320313227,1952,5,200 54KB,https://www.lupusresearch.org/for-researchers/funded-research/,gapscan,,A_static_html,"gap-scan 2026-06-04 (direct): 1,952 works; F-id F4320313227; US; type 5 (static HTML); origin direct; src: https://www.lupusresearch.org/for-researchers/funded-research/ -- Lupus Research Alliance publishes Funded Research page with investigator listings by grant type (LIA/LMTA etc.); direct and public; 650+ grants funded historically"
A1_ready,AFA Försäkring,4320321413,1950,3,200 281KB,https://fou.afaforsakring.se/sv/forskningsarkivet,gapscan,,A_api_bulk,"gap-scan 2026-06-04 (direct): 1,950 works; F-id F4320321413; SE; type 3 (search/index API); origin direct; src: https://fou.afaforsakring.se/sv/forskningsarkivet -- AFA Försäkring (Sweden) has public Forskningsarkivet (research archive) at fou.afaforsakring.se with searchable database of all ongoing and completed FoU projects; direct and comprehensive"
A1_ready,Signe ja Ane Gyllenbergin Säätiö,4320322550,1936,5,200 131KB,https://www.gyllenbergs.fi/en/grants/grant-recipients,gapscan,,A_static_html,"gap-scan 2026-06-04 (direct): 1,936 works; F-id F4320322550; FI; type 5 (static HTML); origin direct; src: https://www.gyllenbergs.fi/en/grants/grant-recipients -- Signe and Ane Gyllenberg Foundation publishes grant recipient pages at gyllenbergs.fi/en/grants/grant-recipients; individual recipient profiles and grant reports available"
A1_ready,Ente Cassa di Risparmio di Firenze,4320321685,1935,5,200 232KB,https://fondazionecrfirenze.it/beneficiari/,gapscan,,A_static_html,"gap-scan 2026-06-04 (direct): 1,935 works; F-id F4320321685; IT; type 5 (static HTML); origin direct; src: https://fondazionecrfirenze.it/beneficiari/ -- Ente Cassa di Risparmio di Firenze (now Fondazione CR Firenze) has an Area Beneficiari page listing funded projects; bandi page at /activity-type/bandi/ lists all calls with results"
A1_ready,Työsuojelurahasto,4320321729,1918,3,200 99KB,https://www.tsr.fi/hankkeet-ja-tutkimustieto/,gapscan,,A_api_bulk,"gap-scan 2026-06-04 (direct): 1,918 works; F-id F4320321729; FI; type 3 (search/index API); origin direct; src: https://www.tsr.fi/hankkeet-ja-tutkimustieto/ -- Työsuojelurahasto (Finnish Work Environment Fund) has public Hankkeet (projects) database at tsr.fi/hankkeet-ja-tutkimustieto/ listing all funded R&D projects; searchable by applicant/topic"
A1_ready,Reumatikerförbundet,4320324797,1917,3,200 4KB,https://www.researchweb.org/reuma,gapscan,,A_api_bulk,"gap-scan 2026-06-04 (direct): 1,917 works; F-id F4320324797; SE; type 3 (search/index API); origin direct; src: https://www.researchweb.org/reuma -- Reumatikerförbundet (Swedish Rheumatism Association) funded projects are listed in Researchweb public CRIS platform at researchweb.org/reuma; FoU i Sverige is open to public search; ~98 projects/year"
A1_ready,Kuwait Foundation for the Advancement of Sciences,4320321818,1913,3,200 107KB,https://pure.kfas.org.kw/,gapscan,,A_api_bulk,"gap-scan 2026-06-04 (direct): 1,913 works; F-id F4320321818; KW; type 3 (search/index API); origin direct; src: https://pure.kfas.org.kw/ -- Kuwait KFAS has Pure research portal (pure.kfas.org.kw) and research.kfas.org.kw; both are public and searchable by institution/project status; comprehensive coverage of KFAS-funded projects"
A1_ready,Lilly Endowment,4320309409,1902,5,200 568KB,https://lillyendowment.org/for-current-grantees/recent-grants/,gapscan,,A_static_html,"gap-scan 2026-06-04 (direct): 1,902 works; F-id F4320309409; US; type 5 (static HTML); origin direct; src: https://lillyendowment.org/for-current-grantees/recent-grants/ -- Lilly Endowment has a Recent Grants page and initiative-specific grant lists (e.g. rcii-grants-list/); static HTML; not a searchable DB but lists grantees by initiative"
A1_ready,Canadian Diabetes Association,4320309829,1898,5,200 301KB,https://www.diabetes.ca/research/research-funding/currently-funded-research,gapscan,,A_static_html,"gap-scan 2026-06-04 (direct): 1,898 works; F-id F4320309829; CA; type 5 (static HTML); origin direct; src: https://www.diabetes.ca/research/research-funding/currently-funded-research -- Diabetes Canada ""Currently funded research"" page lists 66+ active projects with PI and institution; updated per grant cycle; static HTML scrape feasible"
A1_ready,American Federation for Aging Research,4320306228,1890,5,200 188KB,https://www.afar.org/2025-grant-recipients,gapscan,,A_static_html,"gap-scan 2026-06-04 (direct): 1,890 works; F-id F4320306228; US; type 5 (static HTML); origin direct; src: https://www.afar.org/2025-grant-recipients -- AFAR posts annual grantee lists by year (2020-2025) with recipient name; institution; project title; static HTML pages; excellent scrape target"
A1_ready,United Soybean Board,4320313191,1886,5,200 42KB,https://www.soybeanresearchdata.com/,gapscan,,A_static_html,"gap-scan 2026-06-04 (direct): 1,886 works; F-id F4320313191; US; type 5 (static HTML); origin direct; src: https://www.soybeanresearchdata.com/ -- United Soybean Board funded projects tracked in National Soybean Checkoff Research Database (soybeanresearchdata.com); searchable by project; funder; year; going back to 2008; strong direct source"
A1_ready,American Foundation for Suicide Prevention,4320306598,1868,5,200 318KB,https://afsp.org/story/american-foundation-for-suicide-prevention-announces-8-5-million-investment,gapscan,,A_static_html,"gap-scan 2026-06-04 (direct): 1,868 works; F-id F4320306598; US; type 5 (static HTML); origin direct; src: https://afsp.org/story/american-foundation-for-suicide-prevention-announces-8-5-million-investment -- AFSP publishes annual press releases listing all funded grants by PI; institution; grant type; multiple years available on afsp.org; strong static scrape"
A1_ready,Maj ja Tor Nesslingin Säätiö,4320322403,1864,5,200 71KB,https://nessling.fi/en/funded-projects-2025/,gapscan,,A_static_html,"gap-scan 2026-06-04 (direct): 1,864 works; F-id F4320322403; FI; type 5 (static HTML); origin direct; src: https://nessling.fi/en/funded-projects-2025/ -- Nessling Foundation posts full funded-project lists per call year (2022; 2024; 2025) with PI; institution; project title; amount; excellent static scrape target"
A1_ready,Life Sciences Research Foundation,4320311350,1853,5,200 241KB,https://lsrf.org/current-fellows/,gapscan,,A_static_html,"gap-scan 2026-06-04 (direct): 1,853 works; F-id F4320311350; US; type 5 (static HTML); origin direct; src: https://lsrf.org/current-fellows/ -- LSRF lists current fellows and alumni fellows with institution; PI; project; mentor; sponsor; strong direct static source; alumni page adds historical depth"
A1_ready,American Political Science Association,4320308437,1837,5,200 216KB,https://apsanet.org/diversity/apsa-diversity-advancing-research-grants/,gapscan,,A_static_html,"gap-scan 2026-06-04 (direct): 1,837 works; F-id F4320308437; US; type 5 (static HTML); origin direct; src: https://apsanet.org/diversity/apsa-diversity-advancing-research-grants/ -- APSA posts named grant recipients per year (e.g. 2025 Advancing Research Grants list); Centennial Center and Congressional Fellowship also list awardees; static HTML pages"
A1_ready,Ontario Centres of Excellence,4320310942,1828,5,200 5277KB,https://www.oce-ontario.org/projects,gapscan,,A_static_html,"gap-scan 2026-06-04 (direct): 1,828 works; F-id F4320310942; CA; type 5 (static HTML); origin direct; src: https://www.oce-ontario.org/projects -- Ontario Centres of Excellence (now Ontario Centre of Innovation) has a Made-in-Ontario Innovations searchable projects portfolio going back 3+ years; direct public database"
A1_ready,Boettcher Foundation,4320308537,1819,5,200 259KB,https://boettcherfoundation.org/grantmaking/webb-waring-biomedical-research/,gapscan,,A_static_html,"gap-scan 2026-06-04 (direct): 1,819 works; F-id F4320308537; US; type 5 (static HTML); origin direct; src: https://boettcherfoundation.org/grantmaking/webb-waring-biomedical-research/ -- Boettcher Foundation lists annual Webb-Waring Biomedical Research Award recipients by name and institution; press releases enumerate each cohort; static HTML"
A1_ready,Georgian National Science Foundation,4320322899,1811,5,200 54KB,https://rustaveli.org.ge/eng,gapscan,,A_static_html,"gap-scan 2026-06-04 (direct): 1,811 works; F-id F4320322899; GE; type 5 (static HTML); origin direct; src: https://rustaveli.org.ge/eng -- Funded Projects section by year 2011-2025 under Statistics; call results published per round; electronic monitoring system at monitoring.rustaveli.org.ge; static HTML lists"
A1_ready,Göran Gustafssons Stiftelser,4320316588,1799,5,200 146KB,https://gustafssonsstiftelser.se/in-english/,gapscan,,A_static_html,"gap-scan 2026-06-04 (direct): 1,799 works; F-id F4320316588; SE; type 5 (static HTML); origin direct; src: https://gustafssonsstiftelser.se/in-english/ -- Site lists current and past awardees (Tidigare pristagare) for GG-stiftelse UU/KTH and GG-stiftelse KVA; annual prizes and research grants; static HTML"
A1_ready,SENSHIN Medical Research Foundation,4320325287,1796,5,200 60KB,http://www.smrf.or.jp/category/s_bunya,gapscan,,A_static_html,"gap-scan 2026-06-04 (direct): 1,796 works; F-id F4320325287; JP; type 5 (static HTML); origin direct; src: http://www.smrf.or.jp/category/s_bunya -- SENSHIN Medical Research Foundation lists funded researchers by field (psychiatry/hematology/cardiology/advanced) and fiscal year at /results/ subpages; annual announcements; static HTML"
A1_ready,Grand Challenges Canada,4320322921,1794,5,200 138KB,https://www.grandchallenges.ca,gapscan,,A_static_html,"gap-scan 2026-06-04 (direct): 1,794 works; F-id F4320322921; CA; type 5 (static HTML); origin direct; src: https://www.grandchallenges.ca -- Grand Challenges Canada portfolio shown by theme with case studies and annual reports; 1600+ innovations funded across 100+ countries; browsable but no single searchable DB confirmed"
A1_ready,Foundational Questions Institute,4320311357,1791,5,200 838KB,https://fqxi.org/programs/zenith-grants/,gapscan,,A_static_html,"gap-scan 2026-06-04 (direct): 1,791 works; F-id F4320311357; US; type 5 (static HTML); origin direct; src: https://fqxi.org/programs/zenith-grants/ -- Interactive HTML table of 234+ Zenith Grants 2006-present; sortable by name/institution/year/round; $27M+ total; Fulcrum Grants also listed; excellent direct source"
A1_ready,Fetzer Institute,4320306689,1781,5,200 124KB,https://fetzer.org/our-investments/,gapscan,,A_static_html,"gap-scan 2026-06-04 (direct): 1,781 works; F-id F4320306689; US; type 5 (static HTML); origin direct; src: https://fetzer.org/our-investments/ -- Fetzer Institute publishes funded partners and investments on site; portfolio covers 2015-present with project descriptions; static HTML"
A1_ready,NIHR School for Primary Care Research,4320336046,1760,5,200 130KB,https://www.spcr.nihr.ac.uk/research/projects,gapscan,,A_static_html,"gap-scan 2026-06-04 (direct): 1,760 works; F-id F4320336046; GB; type 5 (static HTML); origin direct; src: https://www.spcr.nihr.ac.uk/research/projects -- NIHR SPCR lists 150+ projects in static HTML table with project ID/title/phase/dates; each links to detail page; current and previous projects browsable"
A1_ready,Foundation Fighting Blindness,4320306340,1757,5,200 91KB,https://www.fightingblindness.org/funded-grants,gapscan,,A_static_html,"gap-scan 2026-06-04 (direct): 1,757 works; F-id F4320306340; US; type 5 (static HTML); origin direct; src: https://www.fightingblindness.org/funded-grants -- Foundation Fighting Blindness lists funded grants by fiscal year FY2019-FY2025; each year page shows PI + institution + project title + amount; static HTML; very clean source"
A1_ready,Deutschen Konsortium für Translationale Krebsforschung,4320327569,1752,5,200 26KB,https://dktk.dkfz.de/en/research/joint-funding-projects,gapscan,,A_static_html,"gap-scan 2026-06-04 (direct): 1,752 works; F-id F4320327569; DE; type 5 (static HTML); origin direct; src: https://dktk.dkfz.de/en/research/joint-funding-projects -- DKTK site lists all Joint Funding projects since 2012 (50+); PI/institution/title per project page; static HTML project listing"
A1_ready,Ministry of New and Renewable Energy India,4320320716,1714,5,200 108KB,https://mnre.gov.in/en/ongoing-projects-r-d/,gapscan,,A_static_html,"gap-scan 2026-06-04 (direct): 1,714 works; F-id F4320320716; IN; type 5 (static HTML); origin direct; src: https://mnre.gov.in/en/ongoing-projects-r-d/ -- MNRE India lists ongoing R&D projects as static HTML with PI/institution/title/cost/duration; only ongoing projects confirmed; no past-projects DB found"
A1_ready,Terry Fox Foundation,4320321386,1700,5,200 70KB,https://www.tfri.ca/funding-opportunities/funding-programs,gapscan,,A_static_html,"gap-scan 2026-06-04 (direct): 1,700 works; F-id F4320321386; CA; type 5 (static HTML); origin direct; src: https://www.tfri.ca/funding-opportunities/funding-programs -- Terry Fox Research Institute (TFRI) directs to CIHR CRIS database for complete listing; annual award announcements on terryfox.org; scrape-able static HTML news releases"
A1_ready,American Academy of Neurology,4320308392,1663,5,200 64KB,https://www.aan.com/research/program-recipients,gapscan,,A_static_html,"gap-scan 2026-06-04 (direct): 1,663 works; F-id F4320308392; US; type 5 (static HTML); origin direct; src: https://www.aan.com/research/program-recipients -- AAN Research Program Recipients static HTML list 1996-2025; organized by year and award category; names and award types shown; no amounts or affiliations; also scientific-research-award-recipients page"
A1_ready,Australian Academy of Science,4320320409,1663,5,200 104KB,https://science.org.au/our-work/awards-grants-programs/honorific-awardees,gapscan,,A_static_html,"gap-scan 2026-06-04 (direct): 1,663 works; F-id F4320320409; AU; type 5 (static HTML); origin direct; src: https://science.org.au/our-work/awards-grants-programs/honorific-awardees -- Australian Academy of Science; static HTML honorific awardees list by year; also annual news releases for Theo Murphy grant recipients; no single bulk database"
A1_ready,Gigtforeningen,4320310460,1660,5,200 245KB,https://www.gigtforeningen.dk/viden/forskning/forskningsuddelinger/,gapscan,,A_static_html,"gap-scan 2026-06-04 (direct): 1,660 works; F-id F4320310460; DK; type 5 (static HTML); origin direct; src: https://www.gigtforeningen.dk/viden/forskning/forskningsuddelinger/ -- Gigtforeningen (Danish Rheumatism Assoc); static HTML grants list by year (2021-2026) and disease category; shows name, institution, type, amount in DKK; scrapeable"
A1_ready,American Concrete Institute Foundation,4320307502,1657,5,200 105KB,https://www.concrete.org/newsandevents/news/newsdetail.aspx?f=51750678,gapscan,,A_static_html,"gap-scan 2026-06-04 (direct): 1,657 works; F-id F4320307502; US; type 5 (static HTML); origin direct; src: https://www.concrete.org/newsandevents/news/newsdetail.aspx?f=51750678 -- ACI Foundation; annual press release lists fellowship/scholarship recipients and funded research projects (11 projects in recent round); static HTML news archive; no bulk download"
A1_ready,Multiple Sclerosis Society of Canada,4320319986,1656,5,200 90KB,https://mscanada.ca/about-us/news-and-publications/ms-canada-announces-2026-2027-annual-research-competition-funding,gapscan,,A_static_html,"gap-scan 2026-06-04 (direct): 1,656 works; F-id F4320319986; CA; type 5 (static HTML); origin direct; src: https://mscanada.ca/about-us/news-and-publications/ms-canada-announces-2026-2027-annual-research-competition-funding -- MS Society of Canada; annual announcement pages list recipients by grant category; static HTML; dedicated MS Research Portal at msresearch.ca for current studies"
A1_ready,Foundation Medicine,4320334461,1643,5,200 168KB,https://www.foundationmedicine.com/press-release/2024-grant-recipients,gapscan,,A_static_html,"gap-scan deep-pass 2026-06-04 (direct): 1,643 works; F-id F4320334461; US; type 5 (static HTML); origin direct; src: https://www.foundationmedicine.com/press-release/2024-grant-recipients -- Foundation Medicine IDEA Program publishes annual press releases listing grant recipients (2022 Moffitt/LUNGevity; 2024 Living Beyond Breast Cancer/Patient Advocate Foundation; 2025 My Style Matters/H.Y.P.E.); static HTML scrape feasible across 3+ years; sparse (~2 recipients/year) but structured"
A1_ready,Natural Science Foundation of Xiamen City,4320316884,1642,5,200 510KB,https://www.letpub.com.cn/index.php?page=grant_article_details&article_id=1268,gapscan,,A_static_html,"gap-scan deep-pass 2026-06-04 (direct): 1,642 works; F-id F4320316884; CN; type 5 (static HTML); origin direct; src: https://www.letpub.com.cn/index.php?page=grant_article_details&article_id=1268 -- Xiamen NSF publishes 拟立项公示 on kjj.xm.gov.cn with HTML table listing ~194 projects (106 general + 52 youth + 36 joint in 2024); data mirrored on LetPub; direct site kjj.xm.gov.cn ECONNREFUSED from outside China but public announcements confirmed; type 5 HTML roster"
A1_ready,Carnegie Trust for the Universities of Scotland,4320320174,1637,5,200 51KB,https://carnegie-trust.org/award-schemes/,gapscan,,A_static_html,"gap-scan 2026-06-04 (direct): 1,637 works; F-id F4320320174; GB; type 5 (static HTML); origin direct; src: https://carnegie-trust.org/award-schemes/ -- Annual grant-round outcome pages list all RIG recipients with project titles and institutions; static HTML per round; archive pages also available"
A1_ready,ITEA,4320313144,1635,5,200 22KB,https://itea4.org/projects.html,gapscan,,A_static_html,"gap-scan 2026-06-04 (direct): 1,635 works; F-id F4320313144; NL; type 5 (static HTML); origin direct; src: https://itea4.org/projects.html -- ITEA4 maintains a public project overview with 325+ completed/running projects; each entry has title, partners, dates; full roadmap requires NDA but project list is open"
A1_ready,"amfAR, The Foundation for AIDS Research",4320306342,1624,5,200 258KB,https://www.amfar.org/research/recent-grants/,gapscan,,A_static_html,"gap-scan 2026-06-04 (direct): 1,624 works; F-id F4320306342; US; type 5 (static HTML); origin direct; src: https://www.amfar.org/research/recent-grants/ -- amfAR Recent Grants page lists funded projects by round with PI, institution, project title; static HTML; also press releases per award round"
A1_ready,Forskningsrådet i Sydöstra Sverige,4320312350,1610,3,200 4KB,https://www.researchweb.org/is/forss,gapscan,,A_api_bulk,"gap-scan 2026-06-04 (direct): 1,610 works; F-id F4320312350; SE; type 3 (search/index API); origin direct; src: https://www.researchweb.org/is/forss -- FORSS uses Researchweb platform which maintains a searchable grant database; projects publicly browsable on researchweb.org/is/forss"
A1_ready,Kom op tegen Kanker,4320327317,1607,5,200 68KB,https://www.komoptegenkanker.be/projecten,gapscan,,A_static_html,"gap-scan 2026-06-04 (direct): 1,607 works; F-id F4320327317; BE; type 5 (static HTML); origin direct; src: https://www.komoptegenkanker.be/projecten -- Kom op tegen Kanker (BE) publishes a public browsable project list at komoptegenkanker.be/projecten with filters by type/year/cancer type/region; shows title/PI/amount/institution; no bulk download but static HTML scrape feasible"
A1_ready,Tertiary Education Commission,4320310144,1601,4,200 0KB,https://www.tec.govt.nz/funding/funding-and-performance/funding/allocations/tec-funded-tertiary-education-data,gapscan,,A_api_bulk,"gap-scan 2026-06-04 (direct): 1,601 works; F-id F4320310144; NZ; type 4 (bulk file); origin direct; src: https://www.tec.govt.nz/funding/funding-and-performance/funding/allocations/tec-funded-tertiary-education-data -- TEC NZ publishes annual All Grants Provider Funding Publication as downloadable spreadsheet with funding by provider/year; bulk XLSX"
A1_ready,Velux Fonden,4320310489,1589,5,200 43KB,https://veluxfonden.dk/en/basic-page/projects-granted,gapscan,,A_static_html,"gap-scan 2026-06-04 (direct): 1,589 works; F-id F4320310489; DK; type 5 (static HTML); origin direct; src: https://veluxfonden.dk/en/basic-page/projects-granted -- VELUX FONDEN Projects Granted page shows funded amounts by year/area; also integrated into Research Portal Denmark (forskningsportal.dk/velux-foundation/) with grant-level data from 2016"
A1_ready,Nippon Sheet Glass Foundation for Materials Science and Engineering,4320311007,1589,5,200 8KB,http://www.nsg-zaidan.or.jp/contents/index.html,gapscan,,A_static_html,"gap-scan deep-pass 2026-06-04 (direct): 1,589 works; F-id F4320311007; JP; type 5 (static HTML); origin direct; src: http://www.nsg-zaidan.or.jp/contents/index.html -- NSG Foundation Japan holds annual award ceremony (46th in April 2024); website nsg-zaidan.or.jp has contents/index.html listing grant details; site ECONNREFUSED but nsg.co.jp 2024 ceremony press confirms active program; Japanese-language awardee pages exist on foundation site"
A1_ready,Center for Innovative Medicine,4320336663,1580,5,200 58KB,https://news.ki.se/recipients-of-cimed-project-grants-2026-2028,gapscan,,A_static_html,"**[S7 W1-I 2026-07-12: lock released]** NOT in SweCRIS (confirmed) — the prio-437 sweep does not cover it. Own-site ingest (KI news pages per round, type 5) remains a separate future job. gap-scan deep-pass 2026-06-04 (direct): 1,580 works; F-id F4320336663; SE; type 5 (static HTML); src: https://news.ki.se/recipients-of-cimed-project-grants-2026-2028"
A1_ready,American Gastroenterological Association,4320311351,1570,5,200 424KB,https://gastro.org/research-and-awards/meet-our-awardees/,gapscan,,A_static_html,"gap-scan 2026-06-04 (direct): 1,570 works; F-id F4320311351; US; type 5 (static HTML); origin direct; src: https://gastro.org/research-and-awards/meet-our-awardees/ -- AGA lists annual award recipients on gastro.org with PI names, institutions, award category; going back multiple years; static HTML per year"
A1_ready,Fondazione CRT,4320309723,1568,5,200 442KB,https://www.fondazionecrt.it/en/calls-and-projects/,gapscan,,A_static_html,"gap-scan 2026-06-04 (direct): 1,568 works; F-id F4320309723; IT; type 5 (static HTML); origin direct; src: https://www.fondazionecrt.it/en/calls-and-projects/ -- Fondazione CRT lists funded projects and calls on fondazionecrt.it; Lagrange project lists 800+ young researcher recipients; Civil Society Talents lists 665+ grants since 2009"
A1_ready,Ontario Research Foundation,4320313340,1551,4,200 38KB,https://data.ontario.ca/en/dataset/ontario-research-funding-summary-current,gapscan,,A_api_bulk,"gap-scan 2026-06-04 (direct): 1,551 works; F-id F4320313340; CA; type 4 (bulk file); origin direct; src: https://data.ontario.ca/en/dataset/ontario-research-funding-summary-current -- Ontario Research Fund funded projects open dataset on data.ontario.ca; downloadable XLSX; covers ORF-RE and Early Researcher Awards from 2003 to present"
A1_ready,Israel Cancer Association,4320322250,1541,5,200 57KB,https://en.cancer.org.il/template_e/publications.aspx?maincat=51,gapscan,,A_static_html,"gap-scan 2026-06-04 (direct): 1,541 works; F-id F4320322250; IL; type 5 (static HTML); origin direct; src: https://en.cancer.org.il/template_e/publications.aspx?maincat=51 -- Israel Cancer Association has a Fund Projects publications page and annual research fellowship lists on en.cancer.org.il; HTML scrape feasible"
A1_ready,ACT-X,4320338246,1534,3,200 24KB,https://support.projectdb.jst.go.jp/grants/project/list,gapscan,,A_api_bulk,"gap-scan 2026-06-04 (direct): 1,534 works; F-id F4320338246; JP; type 3 (search/index API); origin direct; src: https://support.projectdb.jst.go.jp/grants/project/list -- ACT-X is JST program; JST Project Database (projectdb.jst.go.jp) is public searchable DB of all JST competitive-funding projects including ACT-X; no registration needed"
A1_ready,Dermatology Foundation,4320306673,1525,5,200 234KB,https://dermatologyfoundation.org/rap/award-recipients/,gapscan,,A_static_html,"gap-scan 2026-06-04 (direct): 1,525 works; F-id F4320306673; US; type 5 (static HTML); origin direct; src: https://dermatologyfoundation.org/rap/award-recipients/ -- Dermatology Foundation has Award Recipients page listing funded researchers by year and award type; HTML-scrapable; covers 2,500+ awards over program history"
A1_ready,Council on grants of the President of the Russian Federation,4320335603,1519,3,200 32KB,https://grants.extech.ru,gapscan,,A_api_bulk,"gap-scan 2026-06-04 (direct): 1,519 works; F-id F4320335603; RU; type 3 (search/index API); origin direct; src: https://grants.extech.ru -- Council on Grants of President of Russian Federation uses grants.extech.ru information system; public search for funded young-scientist and leading-school grants; direct funder portal"
A1_ready,Diabetes Fonds,4320321708,1513,5,200 85KB,https://www.diabetesfonds.nl/onderzoeken,gapscan,,A_static_html,"gap-scan deep-pass 2026-06-04 (direct): 1,513 works; F-id F4320321708; NL; type 5 (static HTML); origin direct; src: https://www.diabetesfonds.nl/onderzoeken -- Diabetes Fonds NL lists 178 funded research projects at /onderzoeken; filterable by diabetes type subject status; searchable; no bulk download but structured HTML scrape feasible"
A1_ready,Udenrigsministeriet,4320323263,1504,3,200 85KB,https://drp.dfcentre.com/,gapscan,,A_api_bulk,"gap-scan deep-pass 2026-06-04 (direct): 1,504 works; F-id F4320323263; DK; type 3 (search/index API); origin direct; src: https://drp.dfcentre.com/ -- Danida Fellowship Centre has dedicated DANIDA Research Portal drp.dfcentre.com; searchable by country institution thematic area; lists funded research projects; no bulk download but search/index API-like interface; Udenrigsministeriet funds via DFC confirmed"
A1_ready,Corporación de Fomento de la Producción,4320311278,1496,4,200 41KB,https://datainnovacion.cl/buscador-proyectos,gapscan,,A_api_bulk,"gap-scan 2026-06-04 (direct): 1,496 works; F-id F4320311278; CL; type 4 (bulk file); origin direct; src: https://datainnovacion.cl/buscador-proyectos -- CORFO Chile DataInnovacion portal lists funded innovation projects; bulk Excel/CSV download available; updated to 2025; also DataEmprendimiento for entrepreneurship grants (630,000+ records since 2001)"
A1_ready,Agentura Pro Zdravotnický Výzkum České Republiky,4320325869,1495,3,200 189KB,https://www.azvcr.cz/en/databaze-projektu/,gapscan,,A_api_bulk,"gap-scan 2026-06-04 (direct): 1,495 works; F-id F4320325869; CZ; type 3 (search/index API); origin direct; src: https://www.azvcr.cz/en/databaze-projektu/ -- AZV CR (Czech Health Research Council) has public project database at azvcr.cz/en/databaze-projektu/ listing funded projects by competition year; direct funder portal"
A1_ready,Laerdal Foundation for Acute Medicine,4320322366,1489,5,200 37KB,https://laerdalfoundation.org/previous-grants-program/,gapscan,,A_static_html,"gap-scan 2026-06-04 (direct): 1,489 works; F-id F4320322366; NO; type 5 (static HTML); origin direct; src: https://laerdalfoundation.org/previous-grants-program/ -- Laerdal Foundation for Acute Medicine has previous grants program page listing funded projects; 2,000+ projects funded historically; HTML scrape feasible"
A1_ready,Steirische Wirtschaftsförderungsgesellschaft,4320324794,1477,5,200 162KB,https://www.sfg.at/foerderungen/foerderungsverzeichnisse/,gapscan,,A_static_html,"gap-scan 2026-06-04 (direct): 1,477 works; F-id F4320324794; AT; type 5 (static HTML); origin direct; src: https://www.sfg.at/foerderungen/foerderungsverzeichnisse/ -- SFG (Styrian Business Promotion Agency) publishes Foerderungsverzeichnisse (funding directories) listing approved and paid-out awards; HTML pages by year; also EFRE co-funded projects"
A1_ready,Health~Holland,4320316279,1475,5,200 447KB,https://www.health-holland.com/project,gapscan,,A_static_html,"gap-scan 2026-06-04 (direct): 1,475 works; F-id F4320316279; NL; type 5 (static HTML); origin direct; src: https://www.health-holland.com/project -- Health-Holland LSH Projects page lists all funded PPP projects with filtering; direct funder portal; HTML-scrapable project database"
A1_ready,Joachim Herz Stiftung,4320310697,1448,5,200 20KB,https://www.joachim-herz-stiftung.de/en/funding,gapscan,,A_static_html,"gap-scan 2026-06-04 (direct): 1,448 works; F-id F4320310697; DE; type 5 (static HTML); origin direct; src: https://www.joachim-herz-stiftung.de/en/funding -- Joachim Herz Stiftung lists funded researchers and projects under each program; no bulk API but structured HTML pages per program"
A1_ready,Boehringer Ingelheim Stiftung,4320325136,1446,5,200 58KB,https://boehringer-ingelheim-stiftung.de/en/what-we-fund/funding-programmes/exploration-grants/exploration-grant-recipients.html,gapscan,,A_static_html,"gap-scan 2026-06-04 (direct): 1,446 works; F-id F4320325136; DE; type 5 (static HTML); origin direct; src: https://boehringer-ingelheim-stiftung.de/en/what-we-fund/funding-programmes/exploration-grants/exploration-grant-recipients.html -- Boehringer Ingelheim Stiftung publishes named grantee lists for Exploration Grants and other programs directly on foundation website"
A1_ready,St. Baldrick's Foundation,4320308906,1435,3,200 119KB,https://www.stbaldricks.org/grants-search,gapscan,,A_api_bulk,"gap-scan 2026-06-04 (direct): 1,435 works; F-id F4320308906; US; type 3 (search/index API); origin direct; src: https://www.stbaldricks.org/grants-search -- St. Baldrick's Foundation has searchable grants database at stbaldricks.org/grants-search going back to 2005; filter by cancer type and location; excellent direct source"
A1_ready,Ontario Institute for Cancer Research,4320313290,1434,5,200 188KB,https://oicr.on.ca/research/researchers/,gapscan,,A_static_html,"gap-scan 2026-06-04 (direct): 1,434 works; F-id F4320313290; CA; type 5 (static HTML); origin direct; src: https://oicr.on.ca/research/researchers/ -- OICR maintains researcher directory and funded-project news pages; no single bulk DB but structured listings at oicr.on.ca; program-level grant announcements available"
A1_ready,Centre for Ecology and Hydrology,4320338134,1431,5,200 56KB,https://www.ceh.ac.uk/project-listing,gapscan,,A_static_html,"gap-scan 2026-06-04 (direct): 1,431 works; F-id F4320338134; GB; type 5 (static HTML); origin direct; src: https://www.ceh.ac.uk/project-listing -- UK Centre for Ecology and Hydrology (UKCEH) maintains project listing at ceh.ac.uk/project-listing; filterable; CEH is a research org receiving grants but also lists own funded/contracted projects"
A1_ready,Jane Coffin Childs Memorial Fund for Medical Research,4320306279,1429,5,200 590KB,https://www.jccfund.org/fellows/directory/,gapscan,,A_static_html,"gap-scan 2026-06-04 (direct): 1,429 works; F-id F4320306279; US; type 5 (static HTML); origin direct; src: https://www.jccfund.org/fellows/directory/ -- Jane Coffin Childs Fund maintains current and former fellows directory at jccfund.org with institution, sponsor, project; excellent direct source"
A1_ready,Great Ormond Street Hospital Charity,4320320637,1424,5,200 135KB,https://www.gosh.org/apply-for-funding/research/research-funding-schemes/gosh-charity-lifearc-translational-research-accelerator-grants/funded-gosh-charity-and-lifearc-translational-research-accelerator-grant-projects/,gapscan,other_row:Step 8:Sparks (children's medical research char,A_static_html,"gap-scan 2026-06-04 (direct): 1,424 works; F-id F4320320637; GB; type 5 (static HTML); origin direct; src: https://www.gosh.org/apply-for-funding/research/research-funding-schemes/gosh-charity-lifearc-translational-research-accelerator-grants/funded-gosh-charity-and-lifearc-translational-research-accelerator-grant-projects/ -- GOSH Charity (Great Ormond Street Hospital Children's Charity) publishes funded Translational Research Accelerator Grant projects list on gosh.org; also National Research Programme grants listed per cohort"
A1_ready,Technologická Agentura České Republiky,4320321623,1416,5,200 115KB,https://tacr.gov.cz/en/successful-projects/,gapscan,,A_static_html,"gap-scan 2026-06-04 (direct): 1,416 works; F-id F4320321623; CZ; type 5 (static HTML); origin direct; src: https://tacr.gov.cz/en/successful-projects/ -- TACR Czech Technology Agency has funded/successful projects page at tacr.gov.cz; projects also in IS VaVaI national R&D database at isvavai.cz"
A1_ready,"Robert J. Kleberg, Jr. and Helen C. Kleberg Foundation",4320313505,1409,5,200 32KB,https://www.klebergfoundation.org/view-our-grants/,gapscan,,A_static_html,"gap-scan 2026-06-04 (direct): 1,409 works; F-id F4320313505; US; type 5 (static HTML); origin direct; src: https://www.klebergfoundation.org/view-our-grants/ -- Kleberg Foundation publishes annual grant distributions by year at klebergfoundation.org/view-our-grants; lists recipients and amounts by program area"
A1_ready,Washington Research Foundation,4320306854,1408,5,200 94KB,https://www.wrfseattle.org/grants/recent-grants/,gapscan,,A_static_html,"gap-scan 2026-06-04 (direct): 1,408 works; F-id F4320306854; US; type 5 (static HTML); origin direct; src: https://www.wrfseattle.org/grants/recent-grants/ -- Washington Research Foundation lists recent grants at wrfseattle.org/grants/recent-grants; also fellows page; good direct HTML listing"
A1_ready,Göteborgs Läkaresällskap,4320323368,1401,5,200 4KB,https://www.researchweb.org/is/gls,gapscan,,A_static_html,"gap-scan 2026-06-04 (direct): 1,401 works; F-id F4320323368; SE; type 5 (static HTML); origin direct; src: https://www.researchweb.org/is/gls -- Göteborgs Läkaresällskap uses ResearchWeb portal (researchweb.org/is/gls); awarded-grant pages searchable with PI name and status (granted/rejected); directly operated by GLS"
A1_ready,Foundation for Food and Agriculture Research,4320313133,1398,5,200 444KB,https://foundationfar.org/grants-funding/grants/,gapscan,,A_static_html,"gap-scan 2026-06-04 (direct): 1,398 works; F-id F4320313133; US; type 5 (static HTML); origin direct; src: https://foundationfar.org/grants-funding/grants/ -- FFAR Grants Archive lists all funded projects with title; team; investment amount; static HTML pages; direct source; hundreds of competitive grants since 2016"
A1_ready,Krebsliga Schweiz,4320322583,1398,5,200 34KB,https://www.cancerresearch.ch/our-commitment/we-fund-researchers/annual-lists-of-funded-projects/,gapscan,,A_static_html,"gap-scan 2026-06-04 (direct): 1,398 works; F-id F4320322583; CH; type 5 (static HTML); origin direct; src: https://www.cancerresearch.ch/our-commitment/we-fund-researchers/annual-lists-of-funded-projects/ -- Swiss Cancer Research (joint with Krebsliga Schweiz) publishes annual funded-project lists; 62 projects in 2025; basic; clinical; epidemiology categories; static HTML"
A1_ready,Plan Nacional sobre Drogas,4320334006,1390,5,200 263KB,https://pnsd.sanidad.gob.es/profesionales/investigacion/Difusionproyectos/home.htm,gapscan,,A_static_html,"gap-scan 2026-06-04 (direct): 1,390 works; F-id F4320334006; ES; type 5 (static HTML); origin direct; src: https://pnsd.sanidad.gob.es/profesionales/investigacion/Difusionproyectos/home.htm -- Plan Nacional sobre Drogas maintains subsidized research projects page listing PI; institution; year; topic; static HTML; ~15 grants/year ~EUR 944k annual"
A1_ready,Tampereen Tuberkuloosisäätiö,4320324052,1385,5,200 29KB,https://www.tuberkuloosisaatio.fi/myonnetyt-apurahat/,gapscan,,A_static_html,"gap-scan 2026-06-04 (direct): 1,385 works; F-id F4320324052; FI; type 5 (static HTML); origin direct; src: https://www.tuberkuloosisaatio.fi/myonnetyt-apurahat/ -- Tampere Tuberculosis Foundation lists awarded grants (myonnetyt apurahat) by recipient name annually; 87 awardees in 2024; 80 in 2025; static HTML; direct source"
A1_ready,Minnesota Department of Transportation,4320308171,1359,3,200 14KB,https://www.dot.state.mn.us/research/projects.html,gapscan,,A_api_bulk,"gap-scan 2026-06-04 (direct): 1,359 works; F-id F4320308171; US; type 3 (search/index API); origin direct; src: https://www.dot.state.mn.us/research/projects.html -- MnDOT Research & Innovation searchable project database; ~190 active projects at any time plus historical archive; filter by topic/year; state agency direct source"
A1_ready,Instituto Serrapilheira,4320327890,1355,5,200 111KB,https://serrapilheira.org/en/projetos/,gapscan,,A_static_html,"gap-scan 2026-06-04 (direct): 1,355 works; F-id F4320327890; BR; type 5 (static HTML); origin direct; src: https://serrapilheira.org/en/projetos/ -- Instituto Serrapilheira lists all funded science and science-communication projects with title; PI; description; paginated HTML; 211 projects confirmed as of Dec 2023"
A1_ready,Parkinson's Foundation,4320314164,1352,3,200 260KB,https://www.parkinson.org/advancing-research/finding-cure/currently-funded-grants,gapscan,,A_api_bulk,"gap-scan 2026-06-04 (direct): 1,352 works; F-id F4320314164; US; type 3 (search/index API); origin direct; src: https://www.parkinson.org/advancing-research/finding-cure/currently-funded-grants -- Parkinson's Foundation Award Search Database lists current and past funded grants searchable by keyword and investigator; USD 4.3M in 44 grants in 2025; direct source"
A1_ready,Fondation Bettencourt Schueller,4320324477,1350,5,200 57KB,https://www.fondationbs.org/en/our-community/laureates-and-projects,gapscan,,A_static_html,"gap-scan 2026-06-04 (direct): 1,350 works; F-id F4320324477; FR; type 5 (static HTML); origin direct; src: https://www.fondationbs.org/en/our-community/laureates-and-projects -- Fondation Bettencourt Schueller lists all laureates and supported projects publicly; includes Impulscience (7 grants/yr at EUR 2.3M each); Bettencourt Prize winners; direct source"
A1_ready,EkstraStiftelsen Helse og Rehabilitering (Stiftelsen Dam),4320311284,1348,5,200 141KB,https://www.dam.no/prosjektbibliotek/,gapscan,,A_static_html,"gap-scan deep-pass 2026-06-04 (direct): 1,348 works; F-id F4320311284; NO; type 5 (static HTML); origin direct; src: https://www.dam.no/prosjektbibliotek/ -- Stiftelsen Dam has Prosjektbibliotek searchable by name program year (2000-2026); 898 projects in 2024; also tildelinger page with programme breakdowns; OSF DAM Registry has preregistration records; static HTML browse with search; no bulk export but comprehensive public project library confirmed"
A1_ready,American Health Assistance Foundation,4320306229,1334,5,200 284KB,https://science.brightfocus.org/recently-funded-research,gapscan,,A_static_html,"gap-scan 2026-06-04 (direct): 1,334 works; F-id F4320306229; US; type 5 (static HTML); origin direct; src: https://science.brightfocus.org/recently-funded-research -- BrightFocus Foundation (fmr AHAF) lists recently funded research with PI; institution; project title across Alzheimer; Macular Degeneration; Glaucoma programs; 200+ active grants; direct source"
A1_ready,Association Française contre les Myopathies,4320309751,1331,4,200 38KB,https://www.afm-telethon.fr/en/health-professionals-and-researchers/calls-proposals,pdf;gapscan,,A_api_bulk,"gap-scan deep-pass 2026-06-04 (direct): 1,331 works; F-id F4320309751; FR; type 4 (bulk file); origin direct; src: https://www.afm-telethon.fr/en/health-professionals-and-researchers/calls-proposals -- AFM-Telethon calls-proposals page confirmed: annual PDF lists of funded projects 1999-2025 available for direct download (e.g. Liste-des-financements-en-2025.pdf); ~115 projects per year; no login required"
A1_ready,Torsten Söderbergs Stiftelse,4320309819,1315,5,200 1483KB,https://torstensoderbergsstiftelse.se/en/donationer-och-forskningsanslag/forskningssatsningar-och-anslag/,gapscan,,A_static_html,"gap-scan 2026-06-04 (direct): 1,315 works; F-id F4320309819; SE; type 5 (static HTML); origin direct; src: https://torstensoderbergsstiftelse.se/en/donationer-och-forskningsanslag/forskningssatsningar-och-anslag/ -- Torsten Söderberg Foundation (SE); searchable list of grants since 2010 with popular science summaries; filter by subject area"
A1_ready,Fusion Oriented REsearch for disruptive Science and Technology,4320338248,1314,5,200 6KB,https://www.jst.go.jp/souhatsu/en/research/index.html,gapscan,,A_static_html,"gap-scan 2026-06-04 (direct): 1,314 works; F-id F4320338248; JP; type 5 (static HTML); origin direct; src: https://www.jst.go.jp/souhatsu/en/research/index.html -- JST FOREST program; Researchers page lists all funded investigators with project titles; static HTML; ongoing program"
A1_ready,Clinical Science Research and Development,4320333868,1300,5,200 42KB,https://www.research.va.gov/about/funded_research/,gapscan,,A_static_html,"gap-scan 2026-06-04 (direct): 1,300 works; F-id F4320333868; US; type 5 (static HTML); origin direct; src: https://www.research.va.gov/about/funded_research/ -- VA Clinical Science Research & Development (CSRD); research.va.gov lists funded projects by fiscal year; direct VA site"
A1_ready,Health and Social Care Research and Development Division,4320335543,1299,5,200 63KB,https://research.hscni.net/project-portfolio-year,gapscan,,A_static_html,"gap-scan 2026-06-04 (direct): 1,299 works; F-id F4320335543; GB; type 5 (static HTML); origin direct; src: https://research.hscni.net/project-portfolio-year -- HSC R&D Division Northern Ireland publishes public HTML pages of funded projects by year at research.hscni.net/project-portfolio-year; organized by award type (fellowships/GPARTS/doctoral); no login required; static HTML scrape feasible"
A1_ready,Medical Research Foundation,4320338126,1296,5,200 129KB,https://www.medicalresearchfoundation.org.uk/what-we-fund/what-weve-funded,gapscan,,A_static_html,"gap-scan 2026-06-04 (direct): 1,296 works; F-id F4320338126; GB; type 5 (static HTML); origin direct; src: https://www.medicalresearchfoundation.org.uk/what-we-fund/what-weve-funded -- Medical Research Foundation (GB); what-weve-funded page lists past and current funded research; static HTML"
A1_ready,American Association for the Study of Liver Diseases,4320308400,1294,5,200 55KB,http://www.aasldfoundation.org/impact/funded-research,gapscan,,A_static_html,"gap-scan 2026-06-04 (direct): 1,294 works; F-id F4320308400; US; type 5 (static HTML); origin direct; src: http://www.aasldfoundation.org/impact/funded-research -- AASLD Foundation; funded-research page lists awardees; also aasldfoundation.org; ~$2.6M/yr to ~150 grantees"
A1_ready,Alzheimer’s Research UK,4320321081,1289,3,200 133KB,https://www.alzheimersresearchuk.org/research/funding-dashboard/,gapscan,,A_api_bulk,"gap-scan 2026-06-04 (direct): 1,289 works; F-id F4320321081; GB; type 3 (search/index API); origin direct; src: https://www.alzheimersresearchuk.org/research/funding-dashboard/ -- Alzheimer's Research UK; research funding dashboard with all funded projects; likely search/index interface; comprehensive"
A1_ready,Schlumberger Foundation,4320307065,1288,3,200 75KB,https://www.facultyforthefuture.net/,gapscan,,A_api_bulk,"gap-scan 2026-06-04 (direct): 1,288 works; F-id F4320307065; US; type 3 (search/index API); origin direct; src: https://www.facultyforthefuture.net/ -- Schlumberger Foundation Faculty for the Future; website has searchable fellows by country/discipline/SDG; ~1000 fellows since 2004"
A1_ready,Sigma Xia,4320312559,1287,5,200 122KB,https://www.sigmaxi.org/programs/grants-in-aid-of-research/grant-recipients,gapscan,,A_static_html,"gap-scan 2026-06-04 (direct): 1,287 works; F-id F4320312559; US; type 5 (static HTML); origin direct; src: https://www.sigmaxi.org/programs/grants-in-aid-of-research/grant-recipients -- Sigma Xi GIAR; grant-recipients page lists awardees alphabetically by discipline and location; static HTML; biannual rounds"
A1_ready,José Carreras Leukämie-Stiftung,4320323359,1282,5,200 252KB,https://www.carreras-stiftung.de/blutkrebs-forschung/,gapscan,,A_static_html,"gap-scan 2026-06-04 (direct): 1,282 works; F-id F4320323359; DE; type 5 (static HTML); origin direct; src: https://www.carreras-stiftung.de/blutkrebs-forschung/ -- German leukemia foundation; Forschungsprojekte page lists funded research and stipends; project portal at projekte.carreras-stiftung.de; static HTML scrape; multi-year archive available"
A1_ready,Isaac Newton Institute for Mathematical Sciences,4320313284,1265,5,200 173KB,https://www.newton.ac.uk/events/programmes-workshops/programme-archive/,gapscan,,A_static_html,"gap-scan 2026-06-04 (direct): 1,265 works; F-id F4320313284; GB; type 5 (static HTML); origin direct; src: https://www.newton.ac.uk/events/programmes-workshops/programme-archive/ -- Isaac Newton Institute; Programme Archive lists all funded research programmes and workshops with participants; fellowship lists at newton.ac.uk/information/fellowships/; good static HTML source"
A1_ready,Kementerian Riset dan Teknologi /Badan Riset dan Inovasi Nasional,4320331011,1264,4,200 124KB,https://pendanaan-risnov.brin.go.id/pendanaan,pdf;gapscan,,A_api_bulk,"gap-scan deep-pass 2026-06-04 (direct): 1,264 works; F-id F4320331011; ID; type 4 (bulk file); origin direct; src: https://pendanaan-risnov.brin.go.id/pendanaan -- BRIN Indonesia pendanaan-risnov portal confirmed: public PDF downloads of awardee lists without login (RIIM wave 1-10 and other schemes); multiple PDFs with decision letters naming recipients; no CSV but PDF rosters accessible"
A1_ready,Iowa Department of Transportation,4320315308,1259,5,200 171KB,https://iowadot.gov/research/programs-and-partnerships/iowa-highway-research-board-ihrb,gapscan,,A_static_html,"gap-scan 2026-06-04 (direct): 1,259 works; F-id F4320315308; US; type 5 (static HTML); origin direct; src: https://iowadot.gov/research/programs-and-partnerships/iowa-highway-research-board-ihrb -- Iowa DOT; IHRB active projects list at iowadot.gov/research; annual R&D reports published (FY2022 FY2025); also indexed in TRB RiP database; static HTML scrape viable"
A1_ready,A.P. Møller og Hustru Chastine Mc-Kinney Møllers Fond til almene Formaal,4320323411,1259,5,200 50KB,https://www.apmollerfonde.dk/projekter/,gapscan,,A_static_html,"gap-scan 2026-06-04 (direct): 1,259 works; F-id F4320323411; DK; type 5 (static HTML); origin direct; src: https://www.apmollerfonde.dk/projekter/ -- A.P. Møller Foundation Denmark; Projects Archive lists funded grants with descriptions; ~400 projects/yr; GrantOne portal at fonden.grant.apmollerfonde.dk for applications; HTML scrape feasible"
A1_ready,Svenska Kulturfonden,4320324257,1252,3,200 8KB,https://beviljade.sls.fi/listor/?ar=2025&fond=329,gapscan,,A_api_bulk,"gap-scan 2026-06-04 (direct): 1,252 works; F-id F4320324257; FI; type 3 (search/index API); origin direct; src: https://beviljade.sls.fi/listor/?ar=2025&fond=329 -- Svenska Kulturfonden Finland (via SLS); beviljade.sls.fi database lists all awarded grants by year and fund; searchable and sortable; direct API-like query endpoint; strong source"
A1_ready,LEO Fondet,4320327561,1236,5,200 93KB,https://leo-foundation.org/en/grantee/,gapscan,,A_static_html,"gap-scan 2026-06-04 (direct): 1,236 works; F-id F4320327561; DK; type 5 (static HTML); origin direct; src: https://leo-foundation.org/en/grantee/ -- LEO Foundation Denmark skin research; Grantees and Awardees archive at leo-foundation.org/en/grantee/; filterable by year and geography; annual DKK 44M+ in grants; strong direct source"
A1_ready,Science and Industry Endowment Fund,4320310744,1222,5,200 70KB,https://sief.org.au/csiro-gift/what-has-been-funded/,gapscan,,A_static_html,"gap-scan 2026-06-04 (direct): 1,222 works; F-id F4320310744; AU; type 5 (static HTML); origin direct; src: https://sief.org.au/csiro-gift/what-has-been-funded/ -- Science and Industry Endowment Fund Australia; ""What has been funded"" page lists Research Projects Program awardees; STEM+ Fellowship recipients also listed; direct HTML; funds now fully committed (closed to new apps)"
A1_ready,Tập đoàn Vingroup - Công ty CP,4320318839,1215,5,200 80KB,https://vinif.org/en/sponsor-programs/,gapscan,,A_static_html,"gap-scan 2026-06-04 (direct): 1,215 works; F-id F4320318839; VN; type 5 (static HTML); origin direct; src: https://vinif.org/en/sponsor-programs/ -- VinIF (Vingroup Innovation Foundation) lists funded science/tech projects and scholarship recipients by category; static HTML pages per program year"
A1_ready,Nordea-fonden,4320322918,1214,5,200 4146KB,https://nordeafonden.dk/det-har-vi-stoettet/alle-uddelinger,gapscan,,A_static_html,"gap-scan 2026-06-04 (direct): 1,214 works; F-id F4320322918; DK; type 5 (static HTML); origin direct; src: https://nordeafonden.dk/det-har-vi-stoettet/alle-uddelinger -- Nordea-fonden ""Det har vi støttet"" section lists all distributions; individual project examples and closed pool recipients publicly browsable"
A1_ready,Korea Creative Content Agency,4320323890,1209,5,200 321KB,https://www.kocca.kr/en/main.do,gapscan,,A_static_html,"gap-scan 2026-06-04 (direct): 1,209 works; F-id F4320323890; KR; type 5 (static HTML); origin direct; src: https://www.kocca.kr/en/main.do -- KOCCA publishes annual program results (game, webtoon, animation support); selected companies/projects listed in Korean on official site; English summaries less complete"
A1_ready,Energy Foundation,4320308680,1173,3,200 146KB,https://www.ef.org/grants/,gapscan,,A_api_bulk,"gap-scan 2026-06-04 (direct): 1,173 works; F-id F4320308680; US; type 3 (search/index API); origin direct; src: https://www.ef.org/grants/ -- U.S. Energy Foundation has a ""Search Our Grants"" section; grants portfolio publicly browsable; invitation-only but past grants searchable on ef.org"
A1_ready,Nova Scotia Health Research Foundation,4320319950,1172,5,200 160KB,https://researchns.ca/new-health-investigator-grant/,gapscan,,A_static_html,"gap-scan 2026-06-04 (direct): 1,172 works; F-id F4320319950; CA; type 5 (static HTML); origin direct; src: https://researchns.ca/new-health-investigator-grant/ -- Research Nova Scotia (successor to NSHRF) lists past New Health Investigator Grant recipients by year with names; institutions; project titles on static HTML pages"
A1_ready,Hartwell Foundation,4320309331,1166,5,200 22KB,https://thehartwellfoundation.com/2025/2025_Investigators.shtml,gapscan,,A_static_html,"gap-scan 2026-06-04 (direct): 1,166 works; F-id F4320309331; US; type 5 (static HTML); origin direct; src: https://thehartwellfoundation.com/2025/2025_Investigators.shtml -- Hartwell Foundation lists Investigators by year with names; institutions; research descriptions on static HTML pages; multiple years archived (2022-2025+)"
A1_ready,Helmholtz Alliance for Astroparticle Physics,4320329023,1165,5,200 157KB,https://www.hap-astroparticle.org/hap-activities-young-scientists.php,gapscan,,A_static_html,"gap-scan 2026-06-04 (direct): 1,165 works; F-id F4320329023; DE; type 5 (static HTML); origin direct; src: https://www.hap-astroparticle.org/hap-activities-young-scientists.php -- HAP lists ~80 funded young scientists (PhD/postdoc) with name; institution; research area; project description on static HTML page; alliance concluded ~2016 but page remains"
A1_ready,EEA Grants,4320335198,1153,3,200 9KB,https://data.eeagrants.org/2014-2021/projects/,gapscan,,A_api_bulk,"gap-scan 2026-06-04 (direct): 1,153 works; F-id F4320335198; BE; type 3 (search/index API); origin direct; src: https://data.eeagrants.org/2014-2021/projects/ -- EEA and Norway Grants data portal; 6683 projects searchable; export available; open access at data.eeagrants.org"
A1_ready,Great Lakes Fishery Commission,4320309328,1151,5,200 161KB,https://glfc.org/project-catalog.php,gapscan,,A_static_html,"gap-scan 2026-06-04 (direct): 1,151 works; F-id F4320309328; US; type 5 (static HTML); origin direct; src: https://glfc.org/project-catalog.php -- Great Lakes Fishery Commission Project Catalogue; searchable catalog of funded projects and datasets; direct on GLFC website"
A1_ready,Horserace Betting Levy Board,4320320638,1137,4,200 41KB,https://www.hblb.org.uk/page/31,gapscan,,A_api_bulk,"gap-scan deep-pass 2026-06-04 (direct): 1,137 works; F-id F4320320638; GB; type 4 (bulk file); origin direct; src: https://www.hblb.org.uk/page/31 -- HBLB confirmed: monthly transparency CSV files from April 2010 to present (Month 193 = April 2026) at hblb.org.uk/documents/Finance/; CSV supplier names predominantly grant recipients per HBLB note; all transactions over £25k; bulk CSV available without login"
A1_ready,"California Sea Grant, University of California, San Diego",4320337442,1133,5,200 106KB,https://caseagrant.ucsd.edu/our-work/research-projects,gapscan,,A_static_html,"gap-scan 2026-06-04 (direct): 1,133 works; F-id F4320337442; US; type 5 (static HTML); origin direct; src: https://caseagrant.ucsd.edu/our-work/research-projects -- California Sea Grant; dedicated Research Projects page and Funded Researchers directory at caseagrant.ucsd.edu; direct source"
A1_ready,London Mathematical Society,4320320184,1125,5,200 231KB,https://www.lms.ac.uk/grants/URBList,gapscan,,A_static_html,"gap-scan 2026-06-04 (direct): 1,125 works; F-id F4320320184; GB; type 5 (static HTML); origin direct; src: https://www.lms.ac.uk/grants/URBList -- London Mathematical Society; public lists of Undergraduate Research Bursaries awarded by year (2014-2025) at lms.ac.uk/grants/URBList; other scheme awards also listed"
A1_ready,American Institute for Cancer Research,4320306231,1124,5,200 218KB,https://www.aicr.org/2026-current-research-grants/,gapscan,,A_static_html,"gap-scan 2026-06-04 (direct): 1,124 works; F-id F4320306231; US; type 5 (static HTML); origin direct; src: https://www.aicr.org/2026-current-research-grants/ -- American Institute for Cancer Research; annual current research grants pages listing funded investigators; aicr.org/[year]-current-research-grants/"
A1_ready,National Pork Board,4320310462,1118,5,200 289KB,https://porkcheckoff.org/research/funded-by/national-pork-board/,gapscan,,A_static_html,"gap-scan 2026-06-04 (direct): 1,118 works; F-id F4320310462; US; type 5 (static HTML); origin direct; src: https://porkcheckoff.org/research/funded-by/national-pork-board/ -- National Pork Board; porkcheckoff.org/research/funded-by/national-pork-board/ lists funded research projects (198+ pages); direct HTML listing"
A1_ready,Children's Investment Fund Foundation,4320312037,1115,5,200 144KB,https://ciff.org/grant-portfolio/list/,gapscan,,A_static_html,"gap-scan 2026-06-04 (direct): 1,115 works; F-id F4320312037; GB; type 5 (static HTML); origin direct; src: https://ciff.org/grant-portfolio/list/ -- Children's Investment Fund Foundation; ciff.org/grant-portfolio/ has searchable portfolio tool listing all current and closed grants with grantee details and amounts"
A1_ready,Ovarian Cancer Research Fund,4320306465,1109,5,200 120KB,https://ocrahope.org/research/our-research/our-grantees/by-recipient-name/,gapscan,,A_static_html,"gap-scan 2026-06-04 (direct): 1,109 works; F-id F4320306465; US; type 5 (static HTML); origin direct; src: https://ocrahope.org/research/our-research/our-grantees/by-recipient-name/ -- OCRA maintains list of all grant recipients by name with project descriptions; also current-grantees page; 450+ grants awarded; HTML scrape feasible"
A1_ready,Atlantic Philanthropies,4320307859,1106,5,200 77KB,https://www.atlanticphilanthropies.org/grants/database,gapscan,,A_static_html,"gap-scan 2026-06-04 (direct): 1,106 works; F-id F4320307859; US; type 5 (static HTML); origin direct; src: https://www.atlanticphilanthropies.org/grants/database -- Closed foundation (2020); website retains searchable grants DB covering approx 6500 grants to approx 2500 grantees; static HTML or JS-rendered"
A1_ready,Alfred Kordelinin Säätiö,4320310907,1103,5,200 94KB,https://kordelin.fi/en/grants/awarded-grants/,gapscan,,A_static_html,"gap-scan 2026-06-04 (direct): 1,103 works; F-id F4320310907; FI; type 5 (static HTML); origin direct; src: https://kordelin.fi/en/grants/awarded-grants/ -- Dedicated Awarded grants page listing all recipients by year; science; arts; and culture grants listed separately; HTML scrape feasible"
A1_ready,Provincia autonoma di Bolzano - Alto Adige,4320328864,1103,5,200 2KB,https://innovazione-ricerca.provincia.bz.it/it/progetti-di-ricerca,gapscan,,A_static_html,"gap-scan deep-pass 2026-06-04 (direct): 1,103 works; F-id F4320328864; IT; type 5 (static HTML); origin direct; src: https://innovazione-ricerca.provincia.bz.it/it/progetti-di-ricerca -- Province of Bolzano research portal confirmed listing 35 funded projects (Research Sudtirol/Alto Adige 2019 and 2022 rounds) with PI names and institutions; HTML scrape feasible; no bulk download but structured project list confirmed"
A1_ready,Third World Academy of Sciences,4320324112,1100,5,200 210KB,https://twas.org/recipients-twas-awards-and-prizes,gapscan,,A_static_html,"gap-scan deep-pass 2026-06-04 (direct): 1,100 works; F-id F4320324112; IT; type 5 (static HTML); origin direct; src: https://twas.org/recipients-twas-awards-and-prizes -- TWAS awards recipients page lists prize winners 1985-present with names and fields (HTML 1985-2009; press releases 2010+); research grant awardees (~3000 total) not separately listed; awards page is scrapeable; note: prize recipients only not research grant recipients"
A1_ready,Paavo Nurmen Säätiö,4320325163,1098,5,200 988KB,https://www.paavonurmensaatio.fi/en/foundation/grants/,gapscan,,A_static_html,"gap-scan deep-pass 2026-06-04 (direct): 1,098 works; F-id F4320325163; FI; type 5 (static HTML); origin direct; src: https://www.paavonurmensaatio.fi/en/foundation/grants/ -- Paavo Nurmi Foundation confirmed: grants page lists all annual recipients back to 1997 with names; grant category; amounts in euros; project titles; year selectable by dropdown; comprehensive structured HTML scrape confirmed"
A1_ready,Centro de Investigaciones Biológicas del Noroeste,4320335506,1094,4,200 304KB,https://www.cibnor.gob.mx/transparencia/datos-abiertos,gapscan,,A_api_bulk,"gap-scan deep-pass 2026-06-04 (direct): 1,094 works; F-id F4320335506; MX; type 4 (bulk file); origin direct; src: https://www.cibnor.gob.mx/transparencia/datos-abiertos -- CIBNOR Mexico datos abiertos page confirmed with downloadable CSV and XLSX files including ""Proyectos"" and ""Proyectos_Vigentes"" datasets; also includes inter-institutional projects and external funding data; bulk download directly confirmed"
A1_ready,Institute for Critical Technology and Applied Science,4320333655,1088,5,200 98KB,https://ictas.vt.edu/research/funding.html,gapscan,,A_static_html,"gap-scan 2026-06-04 (direct): 1,088 works; F-id F4320333655; US; type 5 (static HTML); origin direct; src: https://ictas.vt.edu/research/funding.html -- ICTAS Virginia Tech lists funded seed grants by program (Junior Faculty; EFO-O; HBCU partnerships) with awardee names and project titles; HTML scrape feasible"
A1_ready,Institute for Collaborative Biotechnologies,4320338502,1088,5,200 27KB,https://www.icb.ucsb.edu/research/current-projects,gapscan,,A_static_html,"gap-scan 2026-06-04 (direct): 1,088 works; F-id F4320338502; US; type 5 (static HTML); origin direct; src: https://www.icb.ucsb.edu/research/current-projects -- ICB UCSB has Current Projects and Completed Projects pages listing funded research; Army-sponsored UARC; HTML scrape feasible"
A1_ready,Mizutani Foundation for Glycoscience,4320311371,1082,5,200 14KB,https://www.mizutanifdn.or.jp/grant/grantees/report.html,gapscan,,A_static_html,"gap-scan 2026-06-04 (direct): 1,082 works; F-id F4320311371; JP; type 5 (static HTML); origin direct; src: https://www.mizutanifdn.or.jp/grant/grantees/report.html -- Annual grantee report page lists all awarded grants by year with PI name; institution; country; project title; HTML scrape feasible"
A1_ready,Australian Research Data Commons,4320331131,1071,5,200 282KB,https://ardc.edu.au/programs-and-projects/,gapscan,,A_static_html,"gap-scan 2026-06-04 (direct): 1,071 works; F-id F4320331131; AU; type 5 (static HTML); origin direct; src: https://ardc.edu.au/programs-and-projects/ -- ARDC Programs and Projects page lists funded activities; Research Link Australia (RLA) service launched 2024 with funded-activities data; direct source"
A1_ready,Norway Grants,4320335197,1069,3,200 136KB,https://data.eeagrants.org/search/project/,gapscan,,A_api_bulk,"gap-scan 2026-06-04 (direct): 1,069 works; F-id F4320335197; BE; type 3 (search/index API); origin direct; src: https://data.eeagrants.org/search/project/ -- EEA/Norway Grants has a full data portal at data.eeagrants.org with 13000+ projects searchable and filterable; covers 2009-2021 periods; real-time updates"
A1_ready,National Heart Foundation of New Zealand,4320320780,1067,4,200 230KB,https://assets.heartfoundation.org.nz/documents/research-grants/grants-awarded-2024.pdf,pdf;gapscan,,A_api_bulk,"gap-scan 2026-06-04 (direct): 1,067 works; F-id F4320320780; NZ; type 4 (bulk file); origin direct; src: https://assets.heartfoundation.org.nz/documents/research-grants/grants-awarded-2024.pdf -- National Heart Foundation NZ publishes annual PDF lists of grants awarded back to 2016; also has past-recipients profile pages at heartfoundation.org.nz/about-us/our-research/past-recipients"
A1_ready,Healthway,4320320400,1056,5,200 142KB,https://www.healthway.wa.gov.au/our-partners/approved-projects-and-partnerships/,gapscan,,A_static_html,"gap-scan 2026-06-04 (direct): 1,056 works; F-id F4320320400; AU; type 5 (static HTML); origin direct; src: https://www.healthway.wa.gov.au/our-partners/approved-projects-and-partnerships/ -- Healthway WA; searchable approved projects table on website; sortable columns; keyword search; covers all grants under WA Health Promotion Foundation Act 2016"
A1_ready,International Visegrad Fund,4320313838,1038,4,200 145KB,https://www.visegradfund.org/results/,pdf;gapscan,,A_api_bulk,"gap-scan 2026-06-04 (direct): 1,038 works; F-id F4320313838; SK; type 4 (bulk file); origin direct; src: https://www.visegradfund.org/results/ -- International Visegrad Fund Slovakia; results archive has downloadable PDFs per year by grant category; also Power BI project dashboard; covers grants/scholarships/residencies from multiple years"
A1_ready,American Institute of Mathematics,4320307521,1034,5,200 61KB,https://aimath.org/pastworkshops/,gapscan,,A_static_html,"gap-scan 2026-06-04 (direct): 1,034 works; F-id F4320307521; US; type 5 (static HTML); origin direct; src: https://aimath.org/pastworkshops/ -- American Institute of Mathematics US; public archive of all past workshops at aimath.org/pastworkshops/ back to 2002; lists titles and dates; also SQuaREs program list; NSF-funded programs"
A1_ready,Klima- und Energiefonds,4320310617,1031,3,200 93KB,https://www.klimafonds.gv.at/projektdatenbank/,gapscan,,A_api_bulk,"gap-scan 2026-06-04 (direct): 1,031 works; F-id F4320310617; AT; type 3 (search/index API); origin direct; src: https://www.klimafonds.gv.at/projektdatenbank/ -- Klima- und Energiefonds Austria; Projektdatenbank at klimafonds.gv.at covers all funded projects since 2016 annual program; searchable by theme; 440000+ total projects since founding"
A1_ready,National Endowment for the Arts,4320306112,1030,3,200 1KB,https://grantsearch.nea.gov/,gapscan,,A_api_bulk,"gap-scan 2026-06-04 (direct): 1,030 works; F-id F4320306112; US; type 3 (search/index API); origin direct; src: https://grantsearch.nea.gov/ -- National Endowment for the Arts US; dedicated grant search tool at grantsearch.nea.gov covers 1998-present; searchable by keyword/location/discipline/org; comprehensive federal database"
A1_ready,Partenariat Canadien Contre Le Cancer,4320331265,1030,5,200 58KB,https://www.partnershipagainstcancer.ca/annual-report/2023-2024-annual-report/disclosure/funded-partners/,gapscan,,A_static_html,"gap-scan 2026-06-04 (direct): 1,030 works; F-id F4320331265; CA; type 5 (static HTML); origin direct; src: https://www.partnershipagainstcancer.ca/annual-report/2023-2024-annual-report/disclosure/funded-partners/ -- Canadian Partnership Against Cancer; annual funded-partners disclosure page per year; lists all organizations receiving funding; HTML static pages"
A1_ready,Research Institute of Science and Technology for Society,4320338116,1024,5,200 32KB,https://www.jst.go.jp/ristex/en/,gapscan,,A_static_html,"gap-scan deep-pass 2026-06-04 (direct): 1,024 works; F-id F4320338116; JP; type 5 (static HTML); origin direct; src: https://www.jst.go.jp/ristex/en/ -- RISTEX JST confirmed: individual program project pages accessible with PI names and project descriptions (e.g. SOLVE for SDGs; STI policy program lists projects at stipolicy/en/project/); no single bulk download but per-program project lists scrapeable; HTML structure confirmed across multiple programs"
A1_ready,Genome Alberta,4320326646,1016,5,200 226KB,https://genomealberta.ca/project-portfolio/,gapscan,,A_static_html,"gap-scan 2026-06-04 (direct): 1,016 works; F-id F4320326646; CA; type 5 (static HTML); origin direct; src: https://genomealberta.ca/project-portfolio/ -- Genome Alberta Canada; public project portfolio with 149+ initiatives; searchable/filterable by sector and status; shows project titles and sector-level funding totals; $662M+ total"
A1_ready,Prevent Cancer Foundation,4320306481,1012,3,200 32KB,https://proposalcentral.com/Insights/K6AlyzMuJew=/Public/Index,gapscan,,A_api_bulk,"gap-scan 2026-06-04 (direct): 1,012 works; F-id F4320306481; US; type 3 (search/index API); origin direct; src: https://proposalcentral.com/Insights/K6AlyzMuJew=/Public/Index -- Prevent Cancer Foundation US; Award Database at ProposalCentral public index; searchable list of funded researchers and projects driving cancer prevention research; 544+ scientists funded since 1987"
A1_ready,Mark Foundation For Cancer Research,4320315143,1005,5,200 318KB,https://themarkfoundation.org/portfolio,gapscan,,A_static_html,"gap-scan 2026-06-04 (direct): 1,005 works; F-id F4320315143; US; type 5 (static HTML); origin direct; src: https://themarkfoundation.org/portfolio -- Mark Foundation for Cancer Research US; public portfolio browser at themarkfoundation.org/portfolio; filterable by program/research area/cancer type; 37+ pages of projects; $275M+ awarded"
A1_ready,Kurita Water and Environment Foundation,4320320910,1002,5,200 213KB,https://www.kwef.org/daimoku/dai_kai01.html,gapscan,,A_static_html,"gap-scan 2026-06-04 (direct): 1,002 works; F-id F4320320910; JP; type 5 (static HTML); origin direct; src: https://www.kwef.org/daimoku/dai_kai01.html -- Kurita Water and Environment Foundation Japan; HTML list of adopted (funded) research organized by fiscal year and country; shows grant numbers; researcher names; institutions; project titles; back to 2019+"
A1_ready,"European Climate, Infrastructure and Environment Executive Agency",4320331186,1001,3,200 94KB,https://cinea.ec.europa.eu/beneficiaries-corner/projects_en,gapscan,,A_api_bulk,"gap-scan 2026-06-04 (direct): 1,001 works; F-id F4320331186; BE; type 3 (search/index API); origin direct; src: https://cinea.ec.europa.eu/beneficiaries-corner/projects_en -- CINEA European Climate Infrastructure and Environment Executive Agency; public dashboard covering all CINEA-managed projects (CEF/LIFE/EMFAF/Horizon); filterable by country/theme; data export available"
A2_check_source,Leverhulme Trust,4320319993,51638,5,403 WAF 5KB,https://www.leverhulme.ac.uk/listings,gapscan,,A_static_html,"gap-scan 2026-06-04 (direct): 51,638 works; F-id F4320319993; GB; type 5 (static HTML); origin direct; src: https://www.leverhulme.ac.uk/listings -- Searchable grant listings by scheme showing grant holders institutions and projects; static HTML; also grant portal grants.leverhulme.ac.uk"
A2_check_source,European Cooperation in Science and Technology,4320320366,17556,5,200 WAF 403KB,https://www.cost.eu/cost-actions-event/browse-actions/,gapscan,,A_static_html,"gap-scan 2026-06-04 (direct): 17,556 works; F-id F4320320366; BE; type 5 (static HTML); origin direct; src: https://www.cost.eu/cost-actions-event/browse-actions/ -- COST funds networking Actions not research; public Browse Actions list of all past/ongoing Actions w MoU and details; HTML scrape; e-COST is grant mgmt tool not public"
A2_check_source,Heart and Stroke Foundation of Canada,4320307845,13380,5,200 WAF 226KB,https://www.heartandstroke.ca/what-we-do/research,gapscan,,A_static_html,"gap-scan 2026-06-04 (direct): 13,380 works; F-id F4320307845; CA; type 5 (static HTML); origin direct; src: https://www.heartandstroke.ca/what-we-do/research -- Heart & Stroke Foundation lists funded researchers/awards by program (GIA, personnel awards); HTML; ~297 awards/yr; some lists by program/year"
A2_check_source,Natural Science Foundation of Gansu Province,4320322880,12364,5,412 5KB,http://kjt.gansu.gov.cn/kjt/c81902/info_list.shtml,gapscan,,A_static_html,"gap-scan deep-pass 2026-06-04 (direct): 12,364 works; F-id F4320322880; CN; type 5 (static HTML); origin direct; src: http://kjt.gansu.gov.cn/kjt/c81902/info_list.shtml -- Gansu S&T dept: 科技计划管理 section (c81902) confirmed at kjt.gansu.gov.cn; provincial 立项公示 announcement model consistent with other CN provinces; HTTP 412 on direct fetch but URL confirmed in search"
A2_check_source,Natural Science Foundation of Shanxi Province,4320322666,12269,5,ERR ConnectTimeout,http://kjt.shanxi.gov.cn/xxgk/zfxxgkml/acs_11737/jcyjc/,gapscan,,A_static_html,"gap-scan deep-pass 2026-06-04 (direct): 12,269 works; F-id F4320322666; CN; type 5 (static HTML); origin direct; src: http://kjt.shanxi.gov.cn/xxgk/zfxxgkml/acs_11737/jcyjc/ -- Shanxi NSF: 基础研究计划 section confirmed active with 2024 project calls; 立项公示 model confirmed for provincial NSF; prior evidence of project lists per round; type 5 HTML scrape"
A2_check_source,Beijing Municipal Natural Science Foundation,4320334977,11972,5,404 0KB,https://kw.beijing.gov.cn/art/2024/5/17/art_736_676090.html,gapscan,,A_static_html,"gap-scan deep-pass 2026-06-04 (direct): 11,972 works; F-id F4320334977; CN; type 5 (static HTML); origin direct; src: https://kw.beijing.gov.cn/art/2024/5/17/art_736_676090.html -- Beijing Municipal NSF confirmed same portal as BMSTC (kw.beijing.gov.cn); 2024 拟资助公告 pages confirmed; overlaps with F4320325902 but direct NSF announcements confirmed; HTML scrape"
A2_check_source,Natural Science Foundation of Ningbo,4320332587,11501,5,404 0KB,https://kjj.ningbo.gov.cn/art/2024/10/12/art_1229589479_58961803.html,gapscan,,A_static_html,"gap-scan deep-pass 2026-06-04 (direct): 11,501 works; F-id F4320332587; CN; type 5 (static HTML); origin direct; src: https://kjj.ningbo.gov.cn/art/2024/10/12/art_1229589479_58961803.html -- Ningbo NSF confirmed: 2024 公益性研究计划拟立项 announcement page confirmed at kjj.ningbo.gov.cn; 立项公示 model confirmed; municipal pattern consistent"
A2_check_source,Natural Science Foundation of Inner Mongolia,4320322868,11253,5,403 7KB,https://kjt.nmg.gov.cn/kjdt/tzgg/,gapscan,,A_static_html,"gap-scan deep-pass 2026-06-04 (direct): 11,253 works; F-id F4320322868; CN; type 5 (static HTML); origin direct; src: https://kjt.nmg.gov.cn/kjdt/tzgg/ -- Inner Mongolia NSF confirmed: 2024 results announced (1117 projects; 120M yuan); announcement published 2024-05-29 on kjt.nmg.gov.cn; 立项名单/公示 announcement model confirmed; site returned 403 on direct fetch but search confirms active"
A2_check_source,Innovationsfonden,4320313796,11002,5,404 89KB,https://innovationsfonden.dk/en/investments/investments-overview,gapscan,,A_static_html,"gap-scan 2026-06-04 (direct): 11,002 works; F-id F4320313796; DK; type 5 (static HTML); origin direct; src: https://innovationsfonden.dk/en/investments/investments-overview -- Innovation Fund Denmark has a public investment overview (Investeringsoversigt) with searchable grants; all programs covered"
A2_check_source,Royal Academy of Engineering,4320320005,10531,5,200 WAF 88KB,https://raeng.org.uk/programmes-and-prizes/programmes/uk-grants-and-prizes,gapscan,,A_static_html,"gap-scan 2026-06-04 (direct): 10,531 works; F-id F4320320005; GB; type 5 (static HTML); origin direct; src: https://raeng.org.uk/programmes-and-prizes/programmes/uk-grants-and-prizes -- RAENG lists awardees for Research Fellowships, Research Chairs, Ingenious, and other schemes on their website; per-programme awardee pages exist"
A2_check_source,Royal Society of Chemistry,4320320251,9943,5,403 WAF 5KB,https://www.rsc.org/news-events/articles/2024/apr/sustainable-labs-grants-round-1/,gapscan,,A_static_html,"gap-scan deep-pass 2026-06-04 (direct): 9,943 works; F-id F4320320251; GB; type 5 (static HTML); origin direct; src: https://www.rsc.org/news-events/articles/2024/apr/sustainable-labs-grants-round-1/ -- RSC confirmed: individual grant rounds announced as news articles with awardee lists (e.g. 33 Sustainable Labs projects 2024 with names/institutions); scrapeable per-round HTML; no consolidated database but confirmed yes type 5"
A2_check_source,Uehara Memorial Foundation,4320310760,9887,5,404 32KB,https://www.ueharazaidan.or.jp/josei/josei_juryousha.html,gapscan,,A_static_html,"gap-scan 2026-06-04 (direct): 9,887 works; F-id F4320310760; JP; type 5 (static HTML); origin direct; src: https://www.ueharazaidan.or.jp/josei/josei_juryousha.html -- Uehara Memorial Foundation publishes annual lists of grant recipients (助成金受領者) by year as HTML pages; multiple programs covered"
A2_check_source,Genome Canada,4320310787,9608,3,404 WAF 269KB,https://www.genomecanada.ca/en/project_search,gapscan,,A_api_bulk,"gap-scan 2026-06-04 (direct): 9,608 works; F-id F4320310787; CA; type 3 (search/index API); origin direct; src: https://www.genomecanada.ca/en/project_search -- Genome Canada has a public project search database covering all competitions; filterable by category/status/sector/year"
A2_check_source,Compute Canada,4320314000,9564,5,404 56KB,https://www.alliancecan.ca/en/2024-resource-allocations-competition-results,gapscan,,A_static_html,"gap-scan deep-pass 2026-06-04 (direct): 9,564 works; F-id F4320314000; CA; type 5 (static HTML); origin direct; src: https://www.alliancecan.ca/en/2024-resource-allocations-competition-results -- Alliance Canada (Compute Canada) RAC results page confirmed with annual project-level allocation data (670 projects in 2024 RAC); direct page 403 on fetch but confirmed in search with project counts/stats; type 5 HTML table per year"
A2_check_source,Grand Équipement National De Calcul Intensif,4320326256,9556,5,200 WAF 37KB,https://www.genci.fr/en/results-and-projects/scientific-projects,gapscan,,A_static_html,"gap-scan deep-pass 2026-06-04 (direct): 9,556 works; F-id F4320326256; FR; type 5 (static HTML); origin direct; src: https://www.genci.fr/en/results-and-projects/scientific-projects -- GENCI confirmed: All Scientific Projects page exists with 10000+ projects described; open science mandate requires publication of results; project descriptions publicly available; HTML scrape type 5"
A2_check_source,March of Dimes Foundation,4320306182,9402,5,404 42KB,https://www.marchofdimes.org/about/news/,gapscan,,A_static_html,"gap-scan deep-pass 2026-06-04 (direct): 9,402 works; F-id F4320306182; US; type 5 (static HTML); origin direct; src: https://www.marchofdimes.org/about/news/ -- March of Dimes confirmed: individual awardee names and institutions announced via press releases per round (Basil O'Connor 2024: 4 named awardees with $150K each); news-based HTML scrape; no consolidated DB but confirmed awardee data"
A2_check_source,Bulgarian National Science Fund,4320321843,9179,5,ERR ConnectTimeout,https://bnsf.bg/wps/portal/fond-izsledvaniq/home/funded-projects,gapscan,,A_static_html,"gap-scan 2026-06-04 (direct): 9,179 works; F-id F4320321843; BG; type 5 (static HTML); origin direct; src: https://bnsf.bg/wps/portal/fond-izsledvaniq/home/funded-projects -- Bulgarian National Science Fund has a public Funded Projects section (Финансирани проекти) on bnsf.bg with per-competition project lists"
A2_check_source,Michael Smith Health Research BC,4320319965,9066,3,404 WAF 140KB,https://healthresearchbc.ca/funding/awards-database/,gapscan,,A_api_bulk,"gap-scan 2026-06-04 (direct): 9,066 works; F-id F4320319965; CA; type 3 (search/index API); origin direct; src: https://healthresearchbc.ca/funding/awards-database/ -- Michael Smith Health Research BC has a public Awards Database and Funded Research search at healthresearchbc.ca; filterable by program/year/institution"
A2_check_source,University Grants Committee,4320321019,8849,4,200 WAF 82KB,https://data.gov.hk/en-data/dataset/hk-ugc-ugc-ugc-research-grants,gapscan,,A_api_bulk,"gap-scan 2026-06-04 (direct): 8,849 works; F-id F4320321019; HK; type 4 (bulk file); origin direct; src: https://data.gov.hk/en-data/dataset/hk-ugc-ugc-ugc-research-grants -- UGC publishes annual CSV of research grants on HK open-data portal data.gov.hk; dataset updated yearly; direct bulk download available"
A2_check_source,British Academy,4320320004,8301,5,403 WAF 5KB,https://www.thebritishacademy.ac.uk/funding/schemes/ba-leverhulme-small-research-grants/past-awards/,gapscan,,A_static_html,"gap-scan 2026-06-04 (direct): 8,301 works; F-id F4320320004; GB; type 5 (static HTML); origin direct; src: https://www.thebritishacademy.ac.uk/funding/schemes/ba-leverhulme-small-research-grants/past-awards/ -- British Academy publishes past awards pages per scheme (Small Grants, Larger Grants, APEX, Wolfson Fellowships, etc.) at thebritishacademy.ac.uk; scheme-level HTML pages not a single aggregated DB"
A2_check_source,Royal Society Te Apārangi,4320320774,8229,5,403 WAF 5KB,https://www.royalsociety.org.nz/what-we-do/funds-and-opportunities,gapscan,,A_static_html,"gap-scan 2026-06-04 (direct): 8,229 works; F-id F4320320774; NZ; type 5 (static HTML); origin direct; src: https://www.royalsociety.org.nz/what-we-do/funds-and-opportunities -- Royal Society Te Apārangi lists Marsden Fund awards and other funded programmes; royalsociety.org.nz/search available; Marsden Fund results published annually"
A2_check_source,National Multiple Sclerosis Society,4320306161,7797,5,200 WAF 2171KB,https://www.nationalmssociety.org/about-the-society/who-we-are/research-we-fund,gapscan,,A_static_html,"gap-scan 2026-06-04 (direct): 7,797 works; F-id F4320306161; US; type 5 (static HTML); origin direct; src: https://www.nationalmssociety.org/about-the-society/who-we-are/research-we-fund -- National MS Society ""Research We Fund"" page lists funded projects; research portal at nationalmssociety.org; ~200+ ongoing studies listed"
A2_check_source,Australian Centre for International Agricultural Research,4320334709,7326,3,403 WAF 5KB,https://research.aciar.gov.au/,gapscan,,A_api_bulk,"gap-scan 2026-06-04 (direct): 7,326 works; F-id F4320334709; AU; type 3 (search/index API); origin direct; src: https://research.aciar.gov.au/ -- ACIAR Research Portal at research.aciar.gov.au is a searchable database of all ACIAR-funded projects since 1982; 1500+ projects in 36 countries; direct and comprehensive"
A2_check_source,EUROfusion,4320319254,7325,5,200 WAF 179KB,https://euro-fusion.org/programme/additional-schemes/,gapscan,,A_static_html,"gap-scan 2026-06-04 (direct): 7,325 works; F-id F4320319254; DE; type 5 (static HTML); origin direct; src: https://euro-fusion.org/programme/additional-schemes/ -- EUROfusion publishes annual news posts listing all Engineering Grant and Researcher Grant recipients with institutions and project topics at euro-fusion.org; static HTML per cohort"
A2_check_source,Narodowa Agencja Wymiany Akademickiej,4320328499,7296,5,200 WAF 258KB,https://nawa.gov.pl/en/scientists/the-bekker-programme/call-results,gapscan,,A_static_html,"gap-scan deep-pass 2026-06-04 (direct): 7,296 works; F-id F4320328499; PL; type 5 (static HTML); origin direct; src: https://nawa.gov.pl/en/scientists/the-bekker-programme/call-results -- NAWA publishes programme-specific Wyniki naboru (call results) pages; Bekker 2024 awarded 100 scientists; data includes name surname home institution host institution country duration amount project title per search result confirmation"
A2_check_source,Leukemia and Lymphoma Society,4320308295,7245,5,403 WAF 5KB,https://www.lls.org/lls-funded-research,gapscan,,A_static_html,"gap-scan 2026-06-04 (direct): 7,245 works; F-id F4320308295; US; type 5 (static HTML); origin direct; src: https://www.lls.org/lls-funded-research -- ""Who We Fund"" page lists current grantees by program; bcrf.org-style HTML directory; no bulk download found"
A2_check_source,United States-Israel Binational Science Foundation,4320320950,6867,3,200 WAF 87KB,https://login.bsf.org.il/ElectronicUtilities/GrantsStatistics.aspx,gapscan,,A_api_bulk,"gap-scan 2026-06-04 (direct): 6,867 works; F-id F4320320950; IL; type 3 (search/index API); origin direct; src: https://login.bsf.org.il/ElectronicUtilities/GrantsStatistics.aspx -- BSF grants statistics page on bsf.org.il; lists awardees and grant stats; since 1972 over 6500 projects; some data accessible without login"
A2_check_source,"Ministerstvo školstva, vedy, výskumu a športu Slovenskej republiky",4320321779,6696,3,200 WAF 34KB,https://www.portalvs.sk/en/projekty,gapscan,,A_api_bulk,"gap-scan 2026-06-04 (direct): 6,696 works; F-id F4320321779; SK; type 3 (search/index API); origin direct; src: https://www.portalvs.sk/en/projekty -- Slovak Ministry of Education VEGA/KEGA projects searchable on portalvs.sk; public database of submitted/solved/financed projects; direct official source"
A2_check_source,Fundação de Amparo à Pesquisa e Inovação do Estado de Santa Catarina,4320323349,6192,5,200 WAF 118KB,https://fapesc.sc.gov.br/category/divulgacao-dos-resultados/,gapscan,,A_static_html,"gap-scan 2026-06-04 (direct): 6,192 works; F-id F4320323349; BR; type 5 (static HTML); origin direct; src: https://fapesc.sc.gov.br/category/divulgacao-dos-resultados/ -- FAPESC Santa Catarina publishes approved-project results per edital on fapesc.sc.gov.br; static HTML per call with attached result lists; direct source"
A2_check_source,Kultúrna a Edukacná Grantová Agentúra MŠVVaŠ SR,4320323640,6140,3,200 WAF 34KB,https://www.portalvs.sk/en/projekty,gapscan,,A_api_bulk,"gap-scan 2026-06-04 (direct): 6,140 works; F-id F4320323640; SK; type 3 (search/index API); origin direct; src: https://www.portalvs.sk/en/projekty -- KEGA (Slovak Cultural & Educational Grant Agency) projects fully searchable on portalvs.sk; same portal as VEGA; statistics and project overviews publicly accessible"
A2_check_source,Région Normandie,4320329938,5899,4,200 WAF 78KB,https://www.datanormandie.fr/visualisation?id=7735d65c-1448-461b-b20f-1c2b082ee103,gapscan,,A_api_bulk,"gap-scan deep-pass 2026-06-04 (direct): 5,899 works; F-id F4320329938; FR; type 4 (bulk file); origin direct; src: https://www.datanormandie.fr/visualisation?id=7735d65c-1448-461b-b20f-1c2b082ee103 -- Région Normandie subventions dataset confirmed on DataNormandie; 1168 records for 2024 (0.4MB); also 2022 dataset with 1975 records; Etalab open licence; CSV downloadable via Data4Citizen API; multiple years available"
A2_check_source,Grains Research and Development Corporation,4320320420,5871,5,403 WAF 5KB,https://grdc.com.au/grdc-investments,gapscan,,A_static_html,"gap-scan 2026-06-04 (direct): 5,871 works; F-id F4320320420; AU; type 5 (static HTML); origin direct; src: https://grdc.com.au/grdc-investments -- GRDC Australia has public investments portal listing active and completed projects (post-Jan 2020); searchable by code; direct source on grdc.com.au"
A2_check_source,"Secretaría de Estado de Investigación, Desarrollo e Innovación",4320335204,5806,5,200 WAF 89KB,https://www.aei.gob.es/en/international-collaboration/financed-international-projects,gapscan,,A_static_html,"gap-scan 2026-06-04 (direct): 5,806 works; F-id F4320335204; ES; type 5 (static HTML); origin direct; src: https://www.aei.gob.es/en/international-collaboration/financed-international-projects -- SEIDI Spain; now superseded by AEI (Agencia Estatal de Investigación); AEI publishes financed projects lists and BDNS national subsidies DB covers awards; aei.gob.es direct source"
A2_check_source,European Food Safety Authority,4320315318,5658,5,200 WAF 82KB,https://www.efsa.europa.eu/en/research-platform/external-projects,gapscan,,A_static_html,"gap-scan 2026-06-04 (direct): 5,658 works; F-id F4320315318; IT; type 5 (static HTML); origin direct; src: https://www.efsa.europa.eu/en/research-platform/external-projects -- EFSA publishes external projects list on its research platform; EU Financial Transparency System also lists grant beneficiaries annually; direct source at efsa.europa.eu"
A2_check_source,American Society for Engineering Education,4320306132,5609,5,403 WAF 5KB,https://eop-mgp.asee.org/awardees/,gapscan,,A_static_html,"gap-scan deep-pass 2026-06-04 (direct): 5,609 works; F-id F4320306132; US; type 5 (static HTML); origin direct; src: https://eop-mgp.asee.org/awardees/ -- ASEE EOP Mini-Grants: awardees page confirmed at eop-mgp.asee.org/awardees/ listing PI names and institutions by cohort; 18 grants per cycle; static HTML; no bulk download but fully scrapeable; 403 on direct fetch but URL confirmed via search results"
A2_check_source,Fundação de Amparo à Pesquisa do Estado do Amazonas,4320322994,5408,5,ERR ConnectionError,https://www.fapeam.am.gov.br/resultados-edital/,gapscan,,A_static_html,"gap-scan 2026-06-04 (direct): 5,408 works; F-id F4320322994; BR; type 5 (static HTML); origin direct; src: https://www.fapeam.am.gov.br/resultados-edital/ -- FAPEAM Amazonas Brazil; fapeam.am.gov.br publishes per-edital approved project results; dedicated resultados page lists funded projects with titles and recipients; direct HTML scrape"
A2_check_source,Common Fund,4320338403,5036,3,403 WAF 5KB,https://commonfund.nih.gov/dataecosystem/FundedResearch,gapscan,,A_api_bulk,"gap-scan 2026-06-04 (direct): 5,036 works; F-id F4320338403; US; type 3 (search/index API); origin direct; src: https://commonfund.nih.gov/dataecosystem/FundedResearch -- NIH Common Fund funded research fully searchable via NIH RePORTER (report.nih.gov); also has dedicated funded research pages per program; excellent direct source"
A2_check_source,Fundación Ramón Areces,4320310214,4938,5,404 2KB,https://www.fundacionareces.es/fundacionareces/en/call-of-grants/projects/list-of-projects/,gapscan,,A_static_html,"gap-scan deep-pass 2026-06-04 (direct): 4,938 works; F-id F4320310214; ES; type 5 (static HTML); origin direct; src: https://www.fundacionareces.es/fundacionareces/en/call-of-grants/projects/list-of-projects/ -- Fundacion Ramon Areces: list-of-projects page confirmed with PI names and institutions; 218 projects promoted in 2024 (126 life/materials science; 68 social science; 24 humanities); annual report also available; static HTML scrape feasible; 403 on direct fetch but confirmed via search"
A2_check_source,Partnership for Advanced Computing in Europe AISBL,4320321047,4652,5,404 WAF 103KB,https://prace-ri.eu/hpc-access/project-access/project-access-awarded-projects/,gapscan,,A_static_html,"gap-scan 2026-06-04 (direct): 4,652 works; F-id F4320321047; BE; type 5 (static HTML); origin direct; src: https://prace-ri.eu/hpc-access/project-access/project-access-awarded-projects/ -- PRACE lists all awarded HPC projects by call on prace-ri.eu; project access awarded projects page with PI names institutions and compute hours; direct static HTML"
A2_check_source,Salt Science Research Foundation,4320311436,4632,4,404 24KB,https://www.saltscience.or.jp/research.html,pdf;gapscan,,A_api_bulk,"gap-scan 2026-06-04 (direct): 4,632 works; F-id F4320311436; JP; type 4 (bulk file); origin direct; src: https://www.saltscience.or.jp/research.html -- Annual grantee lists published as PDFs per fiscal year; one PDF per grant category; English project summaries available"
A2_check_source,Svenska Sällskapet för Medicinsk Forskning,4320322128,4559,5,200 WAF 131KB,https://www.ssmf.se/for-forskare/senaste-anslagsbeslut/,gapscan,,A_static_html,"gap-scan 2026-06-04 (direct): 4,559 works; F-id F4320322128; SE; type 5 (static HTML); origin direct; src: https://www.ssmf.se/for-forskare/senaste-anslagsbeslut/ -- ssmf.se lists recent grant decisions by round with researcher name; institution and project title; static HTML pages"
A2_check_source,Intelligence Advanced Research Projects Activity,4320333051,4530,5,403 WAF 0KB,https://www.iarpa.gov/research-programs,gapscan,,A_static_html,"gap-scan 2026-06-04 (direct): 4,530 works; F-id F4320333051; US; type 5 (static HTML); origin direct; src: https://www.iarpa.gov/research-programs -- Each IARPA program page lists performer teams; unclassified; comprehensive program catalogue with award details per program"
A2_check_source,Minerva Foundation,4320320878,4390,5,200 WAF 193KB,https://www.minerva.mpg.de/15518/current-projects,gapscan,,A_static_html,"gap-scan 2026-06-04 (direct): 4,390 works; F-id F4320320878; DE; type 5 (static HTML); origin direct; src: https://www.minerva.mpg.de/15518/current-projects -- Minerva Stiftung site lists current Heineman grant projects and previous awardees; Weizmann and MPI fellowship holders listed by programme"
A2_check_source,Alzheimer's Society,4320317015,4318,5,403 WAF 5KB,https://www.alzheimers.org.uk/research/our-research/research-projects/current-projects,gapscan,,A_static_html,"gap-scan 2026-06-04 (direct): 4,318 works; F-id F4320317015; GB; type 5 (static HTML); origin direct; src: https://www.alzheimers.org.uk/research/our-research/research-projects/current-projects -- Alzheimers Society UK publishes current and completed funded project lists on website; PI; institution; title; grant amount per project"
A2_check_source,International Fund for Agricultural Development,4320332724,4069,5,403 WAF 13KB,https://www.ifad.org/en/projects-list,gapscan,,A_static_html,"gap-scan 2026-06-04 (direct): 4,069 works; F-id F4320332724; IT; type 5 (static HTML); origin direct; src: https://www.ifad.org/en/projects-list -- IFAD has full searchable projects-and-programmes DB at ifad.org/en/projects-list; individual project pages with financials; also grants section at ifad.org/en/grants"
A2_check_source,World Wildlife Fund,4320306557,3973,5,403 WAF 5KB,https://www.worldwildlife.org/our-work/funds/wwf-gef/projects/,gapscan,,A_static_html,"gap-scan 2026-06-04 (direct): 3,973 works; F-id F4320306557; US; type 5 (static HTML); origin direct; src: https://www.worldwildlife.org/our-work/funds/wwf-gef/projects/ -- WWF publishes GEF project list and individual programme grant recipient pages; 990-PF via ProPublica lists $100M+ in annual grants; Schedule I at projects.propublica.org/nonprofits/organizations/521693387"
A2_check_source,Australian Agency for International Development,4320320412,3719,3,ERR ReadTimeout,https://adp.dfat.gov.au/,gapscan,,A_api_bulk,"gap-scan 2026-06-04 (direct): 3,719 works; F-id F4320320412; AU; type 3 (search/index API); origin direct; src: https://adp.dfat.gov.au/ -- Australia Development Portal (AusDevPortal) at adp.dfat.gov.au provides searchable project-level data on Australian aid investments; also IATI-compliant; excellent aggregated direct source"
A2_check_source,NSW Ministry of Health,4320325396,3702,5,403 WAF 5KB,https://www.medicalresearch.nsw.gov.au/project-directory/,gapscan,,A_static_html,"gap-scan 2026-06-04 (direct): 3,702 works; F-id F4320325396; AU; type 5 (static HTML); origin direct; src: https://www.medicalresearch.nsw.gov.au/project-directory/ -- NSW Office for Health and Medical Research maintains a ""Project Directory"" of all funded projects at medicalresearch.nsw.gov.au; static HTML; direct and scrapeable"
A2_check_source,Innosuisse - Schweizerische Agentur für Innovationsförderung,4320327931,3586,3,200 WAF 126KB,https://www.innosuisse.admin.ch/en/figures-funding-data-portal,gapscan,,A_api_bulk,"gap-scan 2026-06-04 (direct): 3,586 works; F-id F4320327931; CH; type 3 (search/index API); origin direct; src: https://www.innosuisse.admin.ch/en/figures-funding-data-portal -- Innosuisse has a Funding Data Portal at innosuisse.admin.ch; also lists approved start-up innovation projects; direct Swiss government open data"
A2_check_source,Stiftelsen för Miljöstrategisk Forskning,4320309951,3548,5,404 78KB,https://www.mistra.org/en/research/,gapscan,,A_static_html,"gap-scan 2026-06-04 (direct): 3,548 works; F-id F4320309951; SE; type 5 (static HTML); origin direct; src: https://www.mistra.org/en/research/ -- Mistra lists all ~20 active research programmes on mistra.org with programme pages; static HTML; programme-level data with host institutions available; direct source"
A2_check_source,Hjärnfonden,4320322168,3417,5,200 WAF 148KB,https://www.hjarnfonden.se/forskning/aktuella-forskningsprojekt/,gapscan,,A_static_html,"gap-scan 2026-06-04 (direct): 3,417 works; F-id F4320322168; SE; type 5 (static HTML); origin direct; src: https://www.hjarnfonden.se/forskning/aktuella-forskningsprojekt/ -- Hjärnfonden publishes list of currently funded research projects by year on website; researcher names included; static HTML; no bulk download confirmed"
A2_check_source,Ellison Medical Foundation,4320306135,3331,5,200 WAF 93KB,https://www.ellison-med-fn.org/emf_funded.jsp,gapscan,,A_static_html,"gap-scan 2026-06-04 (direct): 3,331 works; F-id F4320306135; US; type 5 (static HTML); origin direct; src: https://www.ellison-med-fn.org/emf_funded.jsp -- Ellison Medical Foundation funded scholars page lists ~120-130 scholars (1998-2001 period) with names/institutions/topics; foundation retired ~2013 but historical list remains public"
A2_check_source,QuantERA,4320330828,3224,3,200 WAF 117KB,https://quantera.eu/quantera-funded-projects/,gapscan,,A_api_bulk,"gap-scan 2026-06-04 (direct): 3,224 works; F-id F4320330828; ; type 3 (search/index API); origin direct; src: https://quantera.eu/quantera-funded-projects/ -- QuantERA Project Search Tool lists all funded projects from 2017-2023 calls; 101 projects; searchable on quantera.eu"
A2_check_source,Fundación Bancaria Caixa d'Estalvis i Pensions de Barcelona,4320330256,3220,5,403 WAF 5KB,https://lacaixafoundation.org/en/subsidies-grants,gapscan,,A_static_html,"gap-scan 2026-06-04 (direct): 3,220 works; F-id F4320330256; ES; type 5 (static HTML); origin direct; src: https://lacaixafoundation.org/en/subsidies-grants -- la Caixa Foundation lists funded fellowships and health research grants at lacaixafoundation.org; health call awardees published per round"
A2_check_source,Susan G. Komen,4320311413,3145,5,403 WAF 1KB,https://www.komen.org/breast-cancer-research/grants/funded-2/,gapscan,,A_static_html,"gap-scan 2026-06-04 (direct): 3,145 works; F-id F4320311413; US; type 5 (static HTML); origin direct; src: https://www.komen.org/breast-cancer-research/grants/funded-2/ -- Susan G. Komen Funded Scientific Research Grants page lists all approved projects with abstracts; browseable by grant type; direct on komen.org"
A2_check_source,Electronic Components and Systems for European Leadership,4320327207,3139,5,ERR ConnectionError,https://www.ecsel.eu/projects,gapscan,,A_static_html,"gap-scan 2026-06-04 (direct): 3,139 works; F-id F4320327207; ; type 5 (static HTML); origin direct; src: https://www.ecsel.eu/projects -- ECSEL JU Projects page lists all funded R&D projects under the Joint Undertaking; also in CORDIS; direct project pages with partner/budget info"
A2_check_source,V Foundation for Cancer Research,4320306536,3121,5,200 WAF 154KB,https://www.jimmyv.org/grants-awarded/,gapscan,,A_static_html,"gap-scan 2026-06-04 (direct): 3,121 works; F-id F4320306536; US; type 5 (static HTML); origin direct; src: https://www.jimmyv.org/grants-awarded/ -- V Foundation grants-awarded page lists all cancer research grants; >$458M to 1423 grantees; browseable HTML list"
A2_check_source,Gruppo Nazionale per la Fisica Matematica,4320334080,2985,4,404 43KB,https://www.altamatematica.it/gnfm/it/archivi/progetti-di-ricerca/,pdf;gapscan,,A_api_bulk,"gap-scan 2026-06-04 (direct): 2,985 works; F-id F4320334080; IT; type 4 (bulk file); origin direct; src: https://www.altamatematica.it/gnfm/it/archivi/progetti-di-ricerca/ -- GNFM INdAM publishes annual funded-project lists as PDF downloads; archive at altamatematica.it; Italian-language; PDFs go back to 2001"
A2_check_source,National Research Foundation of Ukraine,4320318013,2933,4,200 WAF 57KB,https://nrfu.org.ua/en/grantees/selected-proposals/,pdf;gapscan,,A_api_bulk,"gap-scan 2026-06-04 (direct): 2,933 works; F-id F4320318013; UA; type 4 (bulk file); origin direct; src: https://nrfu.org.ua/en/grantees/selected-proposals/ -- NRFU Ukraine publishes selected-proposals lists as PDF downloads by year (2020-2025) at nrfu.org.ua; also interactive portal at grants.nrfu.org.ua for registered users"
A2_check_source,Kommission für Technologie und Innovation,4320320998,2844,5,200 WAF 147KB,https://www.innosuisse.admin.ch/en/approved-start-up-innovation-projects,gapscan,,A_static_html,"gap-scan 2026-06-04 (direct): 2,844 works; F-id F4320320998; CH; type 5 (static HTML); origin direct; src: https://www.innosuisse.admin.ch/en/approved-start-up-innovation-projects -- KTI/Innosuisse lists approved start-up innovation projects by year (static HTML + Power BI dashboard); main innovation projects searchable; database at innosuisse.admin.ch"
A2_check_source,"Department of Foreign Affairs and Trade, Australian Government",4320320432,2792,3,ERR ReadTimeout,https://adp.dfat.gov.au/,gapscan,,A_api_bulk,"gap-scan 2026-06-04 (direct): 2,792 works; F-id F4320320432; AU; type 3 (search/index API); origin direct; src: https://adp.dfat.gov.au/ -- DFAT Australia's Development Portal (AusDevPortal) at adp.dfat.gov.au has 1186+ ODA projects searchable by location/sector/policy marker; also reports to IATI and GrantConnect"
A2_check_source,Stand Up To Cancer,4320332898,2777,4,404 238KB,https://standuptocancer.org/science/portfolio-and-impact/,pdf;gapscan,,A_api_bulk,"gap-scan deep-pass 2026-06-04 (direct): 2,777 works; F-id F4320332898; US; type 4 (bulk file); origin direct; src: https://standuptocancer.org/science/portfolio-and-impact/ -- SU2C portfolio page offers downloadable Program Guide PDFs (2024/2025/2026 editions) listing full science portfolio of Dream Teams and IRGs with PI names and institutions since founding; PDFs scrape-able; confirmed bulk PDF roster source."
A2_check_source,American Lung Association,4320307154,2747,5,200 WAF 111KB,https://www.lung.org/research/awards-and-grants-opportunities/awardee-preview,gapscan,,A_static_html,"gap-scan deep-pass 2026-06-04 (direct): 2,747 works; F-id F4320307154; US; type 5 (static HTML); origin direct; src: https://www.lung.org/research/awards-and-grants-opportunities/awardee-preview -- lung.org awardee-preview page confirmed to list 46 funded researchers for 2025-2026 cycle with name degree institution and project title; narrative HTML format; not a full searchable DB but public structured awardee preview per cycle."
A2_check_source,Arthritis Society,4320319925,2729,5,200 WAF 203KB,https://arthritis.ca/about-us/what-we-do/research/,gapscan,,A_static_html,"gap-scan 2026-06-04 (direct): 2,729 works; F-id F4320319925; CA; type 5 (static HTML); origin direct; src: https://arthritis.ca/about-us/what-we-do/research/ -- Arthritis Society Canada publishes annual grant announcements with recipient names and institutions; no single searchable DB but structured HTML news pages per year; ~$3.5M in 13 grants in 2024"
A2_check_source,Australian Renewable Energy Agency,4320323119,2707,4,200 WAF 41KB,https://arena.gov.au/projects/,gapscan,,A_api_bulk,"gap-scan 2026-06-04 (direct): 2,707 works; F-id F4320323119; AU; type 4 (bulk file); origin direct; src: https://arena.gov.au/projects/ -- Australian Renewable Energy Agency (ARENA); 663 funded projects searchable/filterable by category/state/year/status; explicit Export results CSV function; also published on data.gov.au as ARENA and CEFC projects dataset"
A2_check_source,European Research Consortium for Informatics and Mathematics,4320320885,2701,5,404 13KB,https://www.ercim.eu/projects,gapscan,,A_static_html,"gap-scan 2026-06-04 (direct): 2,701 works; F-id F4320320885; FR; type 5 (static HTML); origin direct; src: https://www.ercim.eu/projects -- ERCIM; ercim.eu/projects lists ERCIM-supported projects including fellowship programme; static HTML; no bulk export; fellowship holders listed per call"
A2_check_source,World Cancer Research Fund,4320334633,2690,5,200 WAF 84KB,https://www.wcrf.org/research-policy/our-research/grants-database/,gapscan,,A_static_html,"**[2026-06-16 prio 395 — 389 was only an informal earmark; reassigned to FRQS, which shipped at 389 in batch 7 `dad9561` (raw confirms 389=frqs only). WCRF not yet built.]** gap-scan 2026-06-04 (direct): 2,690 works; F-id F4320334633; GB; type 5 (static HTML); origin direct; src: https://www.wcrf.org/research-policy/our-research/grants-database/ -- World Cancer Research Fund (WCRF); wcrf.org grants database filterable by cancer type/country/exposure/research area; paginated with 16+ pages of grants; also map view; since 1991; no bulk export mentioned"
A2_check_source,Isaac Newton Trust,4320322909,2609,5,403 WAF 107KB,https://www.newtontrust.cam.ac.uk/funded-awards-final-reports,gapscan,,A_static_html,"gap-scan 2026-06-04 (direct): 2,609 works; F-id F4320322909; GB; type 5 (static HTML); origin direct; src: https://www.newtontrust.cam.ac.uk/funded-awards-final-reports -- Isaac Newton Trust has a dedicated ""Funded Awards and Final Reports"" page; also lists pre-2019-20 awards separately; direct static HTML scrape feasible"
A2_check_source,Harvard Catalyst,4320309673,2599,5,781 0KB,https://catalyst.harvard.edu/ti/pilot-funding-awardees/,gapscan,,A_static_html,"gap-scan 2026-06-04 (direct): 2,599 works; F-id F4320309673; US; type 5 (static HTML); origin direct; src: https://catalyst.harvard.edu/ti/pilot-funding-awardees/ -- Harvard Catalyst publishes pilot funding awardees pages per program; multiple program-specific awardee lists at catalyst.harvard.edu; static HTML scrape feasible"
A2_check_source,Hort Innovation,4320320421,2595,5,ERR ConnectionError,https://www.horticulture.com.au/growers/help-your-business-grow/research-reports-publications-fact-sheets-and-more/,gapscan,,A_static_html,"gap-scan 2026-06-04 (direct): 2,595 works; F-id F4320320421; AU; type 5 (static HTML); origin direct; src: https://www.horticulture.com.au/growers/help-your-business-grow/research-reports-publications-fact-sheets-and-more/ -- Hort Innovation lists all funded projects with final research reports searchable by project code and industry; comprehensive direct source"
A2_check_source,Equipex,4320316862,2540,3,200 WAF 77KB,https://data.anr.fr/explore/,gapscan,,A_api_bulk,"gap-scan deep-pass 2026-06-04 (direct): 2,540 works; F-id F4320316862; US; type 3 (search/index API); origin direct; src: https://data.anr.fr/explore/ -- ANR open data platform confirmed at data.anr.fr with funded-projects catalog and API; Equipex+ referenced in France 2030 partner dataset; ANR project search covers all programs since 2005 including Equipex; country_code US in OA is an error (French program)"
A2_check_source,Leakey Foundation,4320308840,2514,5,200 WAF 174KB,https://leakeyfoundation.org/grants-scholarships/recent-and-past-grantees/,gapscan,,A_static_html,"gap-scan 2026-06-04 (direct): 2,514 works; F-id F4320308840; US; type 5 (static HTML); origin direct; src: https://leakeyfoundation.org/grants-scholarships/recent-and-past-grantees/ -- Leakey Foundation has ""Recent and Past Grantees"" page with searchable database back to 2012; also publishes per-cycle grantee announcement posts; direct scrape feasible"
A2_check_source,China Medical Board,4320306650,2438,5,404 0KB,https://chinamedicalboard.org/active_grants,gapscan,,A_static_html,"gap-scan 2026-06-04 (direct): 2,438 works; F-id F4320306650; US; type 5 (static HTML); origin direct; src: https://chinamedicalboard.org/active_grants -- CMB website has Active Grants page and archive by year/program; well-structured static HTML listing all funded grants with institution and title"
A2_check_source,Alzheimer Society,4320319926,2401,5,403 WAF 67KB,https://alzheimer.ca/en/research/alzheimer-society-research-program/funding-results-history,gapscan,,A_static_html,"gap-scan 2026-06-04 (direct): 2,401 works; F-id F4320319926; CA; type 5 (static HTML); origin direct; src: https://alzheimer.ca/en/research/alzheimer-society-research-program/funding-results-history -- Alzheimer Society Canada publishes annual funding-results pages by year from 2018 onward with researcher names and project titles; direct static HTML"
A2_check_source,Ontario Genomics Institute,4320319905,2380,5,200 WAF 208KB,https://www.ontariogenomics.ca/programs/awarded-projects/,gapscan,,A_static_html,"gap-scan 2026-06-04 (direct): 2,380 works; F-id F4320319905; CA; type 5 (static HTML); origin direct; src: https://www.ontariogenomics.ca/programs/awarded-projects/ -- Ontario Genomics publishes Awarded Projects page; static HTML listing funded research initiatives"
A2_check_source,European Association of National Metrology Institutes,4320313458,2364,5,500 18KB,https://www.euramet.org/research-innovation/research-empir/empir-calls-and-projects/,gapscan,,A_static_html,"gap-scan 2026-06-04 (direct): 2,364 works; F-id F4320313458; DE; type 5 (static HTML); origin direct; src: https://www.euramet.org/research-innovation/research-empir/empir-calls-and-projects/ -- EURAMET lists all EMPIR and EMRP funded projects (362 total) on its website; also CORDIS has EMPIR project data; direct source"
A2_check_source,Banco Nacional de Desenvolvimento Econômico e Social,4320329820,2358,3,ERR ConnectionError,https://aberto.bndes.gov.br/aberto/index.html,gapscan,,A_api_bulk,"gap-scan 2026-06-04 (direct): 2,358 works; F-id F4320329820; BR; type 3 (search/index API); origin direct; src: https://aberto.bndes.gov.br/aberto/index.html -- BNDES Aberto portal: 3.5M+ operations searchable; also dadosabertos.bndes.gov.br open-data portal; direct and comprehensive"
A2_check_source,European Respiratory Society,4320310645,2336,5,200 WAF 211KB,https://www.ersnet.org/the-society/awards-and-fellows/award-winners-2024/,gapscan,,A_static_html,"gap-scan 2026-06-04 (direct): 2,336 works; F-id F4320310645; CH; type 5 (static HTML); origin direct; src: https://www.ersnet.org/the-society/awards-and-fellows/award-winners-2024/ -- ERS publishes award winners and fellowship recipients annually on ersnet.org; static HTML per year"
A2_check_source,Bayerische Forschungsstiftung,4320321450,2325,5,404 227KB,https://forschungsstiftung.de/index.php/Welcome.html,gapscan,,A_static_html,"gap-scan 2026-06-04 (direct): 2,325 works; F-id F4320321450; DE; type 5 (static HTML); origin direct; src: https://forschungsstiftung.de/index.php/Welcome.html -- Bayerische Forschungsstiftung (now Bayerische Transformations- und Forschungsstiftung) publishes funded projects on its website; static HTML list by year/theme"
A2_check_source,Comisión Sectorial de Investigación Científica,4320335090,2302,5,404 119KB,https://www.csic.edu.uy/proyectos-financiados-por-programa/2132,gapscan,,A_static_html,"gap-scan 2026-06-04 (direct): 2,302 works; F-id F4320335090; UY; type 5 (static HTML); origin direct; src: https://www.csic.edu.uy/proyectos-financiados-por-programa/2132 -- CSIC Uruguay lists funded projects by program on csic.edu.uy; filterable by title/PI/program; static HTML pages per call year"
A2_check_source,New York State Energy Research and Development Authority,4320308077,2285,4,200 WAF 571KB,https://data.ny.gov/Energy-Environment/NYSERDA-Supported-Clean-Energy-Research-and-Develo/7xzk-zyk5,gapscan,,A_api_bulk,"gap-scan 2026-06-04 (direct): 2,285 works; F-id F4320308077; US; type 4 (bulk file); origin direct; src: https://data.ny.gov/Energy-Environment/NYSERDA-Supported-Clean-Energy-Research-and-Develo/7xzk-zyk5 -- NYSERDA publishes bulk CSV of all awarded clean energy R&D grants since 1991 on data.ny.gov; also on catalog.data.gov; includes award date and amount"
A2_check_source,Meat and Livestock Australia,4320320464,2278,3,200 WAF 152KB,https://www.mla.com.au/research-and-development/search-rd/,gapscan,,A_api_bulk,"gap-scan 2026-06-04 (direct): 2,278 works; F-id F4320320464; AU; type 3 (search/index API); origin direct; src: https://www.mla.com.au/research-and-development/search-rd/ -- MLA has searchable R&D project database at mla.com.au covering all funded/completed projects; also separate R&D reports search; direct API-style search interface"
A2_check_source,Ontario Genomics,4320314024,2277,5,200 WAF 208KB,https://www.ontariogenomics.ca/programs/awarded-projects/,gapscan,,A_static_html,"gap-scan 2026-06-04 (direct): 2,277 works; F-id F4320314024; CA; type 5 (static HTML); origin direct; src: https://www.ontariogenomics.ca/programs/awarded-projects/ -- Ontario Genomics publishes awarded projects list at ontariogenomics.ca with sector/title/PI/funding details; annual reports also list all funded projects"
A2_check_source,Juvenile Diabetes Research Foundation International,4320306172,2263,3,200 WAF 177KB,https://www.breakthrought1d.org/explore-research/funded-research/,gapscan,,A_api_bulk,"gap-scan 2026-06-04 (direct): 2,263 works; F-id F4320306172; US; type 3 (search/index API); origin direct; src: https://www.breakthrought1d.org/explore-research/funded-research/ -- Breakthrough T1D (formerly JDRF) has interactive global research portfolio with ~500 active grants; searchable abstract database at breakthrought1d.org"
A2_check_source,"Chief Scientist Office, Scottish Government Health and Social Care Directorate",4320333685,2170,5,200 WAF 51KB,https://www.cso.scot.nhs.uk/funded-research/,gapscan,,A_static_html,"gap-scan 2026-06-04 (direct): 2,170 works; F-id F4320333685; GB; type 5 (static HTML); origin direct; src: https://www.cso.scot.nhs.uk/funded-research/ -- Chief Scientist Office Scotland has a dedicated Funded Research section listing projects and fellowships with abstracts at cso.scot.nhs.uk/funded-research/"
A2_check_source,Heising-Simons Foundation,4320314817,2153,3,404 82KB,https://www.hsfoundation.org/grants/search-our-grants/,gapscan,,A_api_bulk,"gap-scan 2026-06-04 (direct): 2,153 works; F-id F4320314817; US; type 3 (search/index API); origin direct; src: https://www.hsfoundation.org/grants/search-our-grants/ -- Heising-Simons Foundation has a searchable grants database at hsfoundation.org listing all awarded grants; filterable by program"
A2_check_source,Hungarian Science Foundation,4320326184,2139,3,200 WAF 190KB,https://nkfih.gov.hu/for-the-applicants/search-for-funded,gapscan,,A_api_bulk,"gap-scan 2026-06-04 (direct): 2,139 works; F-id F4320326184; HU; type 3 (search/index API); origin direct; src: https://nkfih.gov.hu/for-the-applicants/search-for-funded -- Hungarian NKFIH (formerly OTKA) has a public searchable funded-projects database at nkfih.gov.hu filterable by call name/code/PI/title/date; HTML results with award amounts in HUF; also per-call static HTML tables (e.g. /english/nrdi-fund/funded-projects-k22)"
A2_check_source,Crohn's and Colitis Foundation of America,4320306301,2114,5,403 WAF 5KB,https://www.crohnscolitisfoundation.org/science-and-professionals/research/grants-fellowships/funded-grants/2016.html,gapscan,,A_static_html,"gap-scan 2026-06-04 (direct): 2,114 works; F-id F4320306301; US; type 5 (static HTML); origin direct; src: https://www.crohnscolitisfoundation.org/science-and-professionals/research/grants-fellowships/funded-grants/2016.html -- Crohn's and Colitis Foundation has year-by-year funded grants pages (2011-present) at crohnscolitisfoundation.org; static HTML per year with PI names and project titles"
A2_check_source,Fundação de Apoio à Pesquisa do Estado da Paraíba,4320323351,2093,5,ERR ConnectTimeout,https://fapesq.rpp.br/projetos,gapscan,,A_static_html,"gap-scan 2026-06-04 (direct): 2,093 works; F-id F4320323351; BR; type 5 (static HTML); origin direct; src: https://fapesq.rpp.br/projetos -- FAPESQ Paraiba has a Projetos section on fapesq.rpp.br listing funded projects; also uses SIGFAPESQ system (sigfapesq.ledes.net) for project management"
A2_check_source,Trafikverket,4320327853,2035,3,ERR ConnectTimeout,https://projektdatabas.vti.se/,gapscan,,A_api_bulk,"gap-scan 2026-06-04 (direct): 2,035 works; F-id F4320327853; SE; type 3 (search/index API); origin mixed; src: https://projektdatabas.vti.se/ -- Trafikverket funded projects listed in VTI National Transport Library Research Database at projektdatabas.vti.se; covers Trafikverket plus Vinnova and Formas; aggregator hosted by VTI on behalf of Swedish government"
A2_check_source,Alex's Lemonade Stand Foundation for Childhood Cancer,4320306589,2022,3,403 WAF 5KB,https://www.alexslemonade.org/grants/search,gapscan,,A_api_bulk,"gap-scan 2026-06-04 (direct): 2,022 works; F-id F4320306589; US; type 3 (search/index API); origin direct; src: https://www.alexslemonade.org/grants/search -- ALSF has a public funded-research search at /grants/search; searchable by PI name/institution/cancer type; direct and comprehensive"
A2_check_source,Fondazione Cassa di Risparmio di Padova e Rovigo,4320309832,2013,5,200 WAF 165KB,https://fondazionecariparo.it/activity-type/bandi/,gapscan,,A_static_html,"gap-scan 2026-06-04 (direct): 2,013 works; F-id F4320309832; IT; type 5 (static HTML); origin direct; src: https://fondazionecariparo.it/activity-type/bandi/ -- Fondazione Cariparo publishes full list of bandi (calls) and funded projects at /iniziative/ and /activity-type/bandi/; static HTML pages listing awarded recipients per call"
A2_check_source,British Council,4320320025,2010,5,ERR ReadTimeout,https://www.britishcouncil.org/education/he-science/newton-fund/grants-awarded,gapscan,,A_static_html,"gap-scan 2026-06-04 (direct): 2,010 works; F-id F4320320025; GB; type 5 (static HTML); origin direct; src: https://www.britishcouncil.org/education/he-science/newton-fund/grants-awarded -- British Council publishes Newton Fund grants awarded list; also has ISPF grants portal at grants.britishcouncil.org; multiple programme-specific awardee pages"
A2_check_source,ArcticNet,4320319864,1947,5,404 WAF 301KB,http://www.arcticnet.ulaval.ca/research/summary.php,gapscan,,A_static_html,"gap-scan 2026-06-04 (direct): 1,947 works; F-id F4320319864; CA; type 5 (static HTML); origin direct; src: http://www.arcticnet.ulaval.ca/research/summary.php -- ArcticNet publishes project summaries at arcticnet.ulaval.ca/research/; current-projects page lists funded Arctic research projects; 230+ projects over lifetime"
A2_check_source,Sigma Theta Tau International,4320313510,1940,5,404 112KB,https://www.sigmanursing.org/advance-elevate/research/2025-sigma-theta-tau-international-grant-recipients,gapscan,,A_static_html,"gap-scan 2026-06-04 (direct): 1,940 works; F-id F4320313510; US; type 5 (static HTML); origin direct; src: https://www.sigmanursing.org/advance-elevate/research/2025-sigma-theta-tau-international-grant-recipients -- Sigma Theta Tau (Sigma Nursing) publishes annual grant recipient lists at sigmanursing.org; years 2018-2025 available; also grant reports at sigmarepository.org/grant_reports/"
A2_check_source,ALS Association,4320306232,1930,3,403 WAF 5KB,https://www.als.org/research/research-we-fund,gapscan,,A_api_bulk,"gap-scan 2026-06-04 (direct): 1,930 works; F-id F4320306232; US; type 3 (search/index API); origin direct; src: https://www.als.org/research/research-we-fund -- ALS Association has a funded grants database at als.org/research/research-we-fund searchable by investigator/title/program/year; direct and comprehensive"
A2_check_source,Glaucoma Research Foundation,4320306709,1915,5,200 WAF 224KB,https://glaucoma.org/research/shaffer-research-grants,gapscan,,A_static_html,"gap-scan 2026-06-04 (direct): 1,915 works; F-id F4320306709; US; type 5 (static HTML); origin direct; src: https://glaucoma.org/research/shaffer-research-grants -- Glaucoma Research Foundation publishes Shaffer Grant recipient lists by year at glaucoma.org; 2025 and prior years listed; 300+ grants awarded historically; direct HTML pages"
A2_check_source,Pharmaceutical Research and Manufacturers of America Foundation,4320306799,1883,5,200 WAF 197KB,https://www.phrmafoundation.org/grants-fellowships/award-recipients/,gapscan,,A_static_html,"gap-scan 2026-06-04 (direct): 1,883 works; F-id F4320306799; US; type 5 (static HTML); origin direct; src: https://www.phrmafoundation.org/grants-fellowships/award-recipients/ -- PhRMA Foundation lists individual award recipients per program year with name; institution; project; press releases also enumerate full cohorts; strong static scrape target"
A2_check_source,Royal Society of Edinburgh,4320320041,1878,5,403 WAF 5KB,https://rse.org.uk/programme/research/funding/,gapscan,,A_static_html,"gap-scan 2026-06-04 (direct): 1,878 works; F-id F4320320041; GB; type 5 (static HTML); origin direct; src: https://rse.org.uk/programme/research/funding/ -- Royal Society of Edinburgh posts detailed funded-project lists per award round (spring/autumn); named researchers; institutions; grant amounts; excellent static HTML scrape"
A2_check_source,Health and Care Research Wales,4320313245,1874,5,200 WAF 68KB,https://healthandcareresearchwales.org/funding/our-funded-projects,gapscan,,A_static_html,"gap-scan 2026-06-04 (direct): 1,874 works; F-id F4320313245; GB; type 5 (static HTML); origin direct; src: https://healthandcareresearchwales.org/funding/our-funded-projects -- Health and Care Research Wales has a searchable funded-projects page listing 189+ projects since 2015 with PI; institution; award amount; filterable; strong direct source"
A2_check_source,Fisheries Research and Development Corporation,4320320419,1863,3,403 WAF 5KB,https://www.frdc.com.au/project-search,gapscan,,A_api_bulk,"gap-scan 2026-06-04 (direct): 1,863 works; F-id F4320320419; AU; type 3 (search/index API); origin direct; src: https://www.frdc.com.au/project-search -- FRDC has a Project Search database (451 projects; 1151 researchers); searchable by keyword; species; organization; strong direct searchable source"
A2_check_source,Alvin J. Siteman Cancer Center,4320315130,1856,5,404 WAF 147KB,https://siteman.wustl.edu/research/research-support/siteman-investment-program/,gapscan,,A_static_html,"gap-scan deep-pass 2026-06-04 (direct): 1,856 works; F-id F4320315130; US; type 5 (static HTML); origin direct; src: https://siteman.wustl.edu/research/research-support/siteman-investment-program/ -- Siteman Cancer Center posts annual press releases listing all funded investigators by name and project title; prior URL returned 403 but main SIP page accessible; multiple years of annual award announcements available as static HTML"
A2_check_source,Morris Animal Foundation,4320306437,1848,5,200 WAF 62KB,https://www.morrisanimalfoundation.org/cats,gapscan,,A_static_html,"gap-scan 2026-06-04 (direct): 1,848 works; F-id F4320306437; US; type 5 (static HTML); origin direct; src: https://www.morrisanimalfoundation.org/cats -- Morris Animal Foundation has a health-study database browsable by species; 3100+ funded studies searchable; strong direct source"
A2_check_source,Brain Research Foundation,4320306153,1812,5,200 WAF 60KB,https://www.thebrf.org/seed-grants/,gapscan,,A_static_html,"gap-scan 2026-06-04 (direct): 1,812 works; F-id F4320306153; US; type 5 (static HTML); origin direct; src: https://www.thebrf.org/seed-grants/ -- Seed Grants Archive lists awardees by year 1993-2025 with researcher name + institution + project title; year-filter dropdown; also Scientific Innovations Award list; static HTML"
A2_check_source,Ögonfonden,4320312354,1804,5,404 35KB,https://ogonfonden.se/anslag,gapscan,,A_static_html,"gap-scan 2026-06-04 (direct): 1,804 works; F-id F4320312354; SE; type 5 (static HTML); origin direct; src: https://ogonfonden.se/anslag -- Static HTML list with year dropdown 2011-2025; researcher name + institution + project title + amount per award; 5.4M SEK in 2025; very clean direct source"
A2_check_source,John A. Hartford Foundation,4320306179,1796,5,200 WAF 109KB,https://www.johnahartford.org/grants-strategy/,gapscan,,A_static_html,"gap-scan 2026-06-04 (direct): 1,796 works; F-id F4320306179; US; type 5 (static HTML); origin direct; src: https://www.johnahartford.org/grants-strategy/ -- Grants search embedded on site; active and closed grants browsable by priority area with org + project title + amount + year; static-rendered list"
A2_check_source,Fondation Fyssen,4320321733,1784,5,200 WAF 152KB,https://www.fondationfyssen.fr/laureats/,gapscan,,A_static_html,"gap-scan 2026-06-04 (direct): 1,784 works; F-id F4320321733; FR; type 5 (static HTML); origin direct; src: https://www.fondationfyssen.fr/laureats/ -- Static HTML list of laureates from 1980-present (postdoc grants) and 2002-present (research grants); year-organized with name + research theme; 1300+ scientists funded"
A2_check_source,Juvenile Diabetes Research Foundation United States of America,4320310820,1752,3,200 WAF 177KB,https://www.breakthrought1d.org/explore-research/funded-research/,gapscan,,A_api_bulk,"gap-scan 2026-06-04 (direct): 1,752 works; F-id F4320310820; US; type 3 (search/index API); origin direct; src: https://www.breakthrought1d.org/explore-research/funded-research/ -- Breakthrough T1D (formerly JDRF) has searchable abstract DB with PI/institution/title/amount/lay abstract; covers 500+ active grants plus historic funding; interactive search tool"
A2_check_source,North Carolina Biotechnology Center,4320308571,1744,5,403 WAF 5KB,https://www.ncbiotech.org/funding/past-awards,gapscan,,A_static_html,"gap-scan 2026-06-04 (direct): 1,744 works; F-id F4320308571; US; type 5 (static HTML); origin direct; src: https://www.ncbiotech.org/funding/past-awards -- NCBiotech has searchable past awards DB covering last 3-5 years; shows org/project/type; ~3000 total awards since founding; clean direct source"
A2_check_source,Craig H. Neilsen Foundation,4320308297,1737,3,202 0KB,https://chn.dimensions.ai/discover/grant,gapscan,,A_api_bulk,"gap-scan 2026-06-04 (direct): 1,737 works; F-id F4320308297; US; type 3 (search/index API); origin direct; src: https://chn.dimensions.ai/discover/grant -- Craig H. Neilsen Foundation funded grants searchable via Dimensions portal at chn.dimensions.ai/discover/grant; covers all program areas including SCIRTS; excellent direct-linked DB"
A2_check_source,Fundação de Amparo à Pesquisa do Estado de Mato Grosso,4320323205,1735,5,200 WAF 100KB,http://www.fapemat.mt.gov.br,gapscan,,A_static_html,"gap-scan 2026-06-04 (direct): 1,735 works; F-id F4320323205; BR; type 5 (static HTML); origin direct; src: http://www.fapemat.mt.gov.br -- FAPEMAT (Mato Grosso Brazil); SIGFAP portal (sigfap.fapemat.mt.gov.br) is login-gated; public project lists may be on main site; full public access unconfirmed; active funder with multiple calls per year"
A2_check_source,Action Medical Research,4320319669,1709,5,200 WAF 121KB,https://action.org.uk/research/all-research-projects,gapscan,,A_static_html,"gap-scan 2026-06-04 (direct): 1,709 works; F-id F4320319669; GB; type 5 (static HTML); origin direct; src: https://action.org.uk/research/all-research-projects -- Action Medical Research lists all current and previous funded projects; searchable by medical condition; project title + detail page per project; ~50+ current projects plus archive"
A2_check_source,Impact Fund,4320307285,1695,5,200 WAF 378KB,https://www.impactfund.org/impact-fund-case-grantees-awarded,gapscan,,A_static_html,"gap-scan 2026-06-04 (direct): 1,695 works; F-id F4320307285; US; type 5 (static HTML); origin direct; src: https://www.impactfund.org/impact-fund-case-grantees-awarded -- Static HTML list of grantees by fiscal year (2020-2024); shows org name, case title, description, amount ($5K-$50K); no bulk download but scrapeable"
A2_check_source,Indiana Clinical and Translational Sciences Institute,4320309408,1693,5,404 112KB,https://indianactsi.org/funding/all-ctsi-funding/,gapscan,,A_static_html,"gap-scan 2026-06-04 (direct): 1,693 works; F-id F4320309408; US; type 5 (static HTML); origin direct; src: https://indianactsi.org/funding/all-ctsi-funding/ -- Indiana CTSI lists funded pilot awards on website; also in NIH RePORTER (reporter.nih.gov) as CTSA program; static HTML news announcements of awardees"
A2_check_source,Australian Biological Resources Study,4320334720,1680,5,ERR ReadTimeout,https://www.dcceew.gov.au/science-research/abrs/grants/awarded,gapscan,,A_static_html,"gap-scan 2026-06-04 (direct): 1,680 works; F-id F4320334720; AU; type 5 (static HTML); origin direct; src: https://www.dcceew.gov.au/science-research/abrs/grants/awarded -- ABRS National Taxonomy Research Grant Program; static HTML list of awarded grants by year on DCCEEW website; includes institution, project title, amount"
A2_check_source,L'Oreal USA,4320308251,1677,5,200 WAF 184KB,https://www.loreal.com/en/usa/articles/group/for-women-in-science-2025/,gapscan,,A_static_html,"gap-scan 2026-06-04 (direct): 1,677 works; F-id F4320308251; US; type 5 (static HTML); origin direct; src: https://www.loreal.com/en/usa/articles/group/for-women-in-science-2025/ -- L'Oreal USA For Women in Science; annual press releases list 5 recipients/year; static HTML; 110+ recipients since 2003; AAAS administers program; no bulk download"
A2_check_source,Innovation and Technology Commission - Hong Kong,4320324196,1674,4,200 WAF 85KB,https://data.gov.hk/en-data/dataset/hk-itc-team1-annual-itf-approved-projects-list,gapscan,,A_api_bulk,"gap-scan 2026-06-04 (direct): 1,674 works; F-id F4320324196; HK; type 4 (bulk file); origin direct; src: https://data.gov.hk/en-data/dataset/hk-itc-team1-annual-itf-approved-projects-list -- Hong Kong ITC; approved ITF projects bulk CSV download on data.gov.hk; annual files in English/Chinese; direct open data portal gem"
A2_check_source,Saskatchewan Health Research Foundation,4320319919,1632,5,200 WAF 1160KB,https://www.shrf.ca/results,gapscan,,A_static_html,"gap-scan 2026-06-04 (direct): 1,632 works; F-id F4320319919; CA; type 5 (static HTML); origin direct; src: https://www.shrf.ca/results -- SHRF Results page lists all previously funded grants with PI, project title, year; direct searchable HTML"
A2_check_source,Epilepsy Foundation,4320306684,1620,5,403 WAF 5KB,https://www.epilepsy.com/research-funding/epilepsy-therapy-project/new-therapy-commercialization-grant-program/recipients,gapscan,,A_static_html,"gap-scan 2026-06-04 (direct): 1,620 works; F-id F4320306684; US; type 5 (static HTML); origin direct; src: https://www.epilepsy.com/research-funding/epilepsy-therapy-project/new-therapy-commercialization-grant-program/recipients -- Epilepsy Foundation lists New Therapy Award recipients; additional award rounds listed in press releases; static HTML per program"
A2_check_source,Fondo Nacional de Ciencia Tecnología e Innovación,4320324634,1613,5,200 WAF 143KB,https://fonacit.gob.ve/proyectos-financiados/,gapscan,,A_static_html,"gap-scan 2026-06-04 (direct): 1,613 works; F-id F4320324634; VE; type 5 (static HTML); origin direct; src: https://fonacit.gob.ve/proyectos-financiados/ -- FONACIT Venezuela has a dedicated Proyectos Financiados page listing funded projects; site may be intermittently accessible; direct source"
A2_check_source,Rural Industries Research and Development Corporation,4320320422,1593,5,200 WAF 98KB,https://agrifutures.com.au/related-projects/,gapscan,,A_static_html,"gap-scan 2026-06-04 (direct): 1,593 works; F-id F4320320422; AU; type 5 (static HTML); origin direct; src: https://agrifutures.com.au/related-projects/ -- AgriFutures Australia All Projects page lists all funded research projects; browsable by industry/topic; direct source"
A2_check_source,Åke Wiberg Stiftelse,4320309792,1591,5,404 103KB,https://ake-wiberg.se/en/funded-projects,gapscan,,A_static_html,"**[S7 W1-I 2026-07-12: lock released]** NOT in SweCRIS (confirmed against the registry's full 13-funder list) — the prio-437 sweep does not cover it. Own-site ingest (ake-wiberg.se funded-projects pages, type 5 static HTML) remains a separate future job. gap-scan deep-pass 2026-06-04 (direct): 1,591 works; F-id F4320309792; SE; type 5 (static HTML); src: https://ake-wiberg.se/en/funded-projects"
A2_check_source,Sidaction,4320310985,1591,5,200 WAF 371KB,https://www.sidaction.org/programmes-de-recherche,gapscan,,A_static_html,"gap-scan deep-pass 2026-06-04 (direct): 1,591 works; F-id F4320310985; FR; type 5 (static HTML); origin direct; src: https://www.sidaction.org/programmes-de-recherche -- Sidaction programmes-de-recherche page lists funded researchers with names institutions project titles and durations; 3+ paginated pages of laureats; filterable by category; static HTML scrape feasible; confirmed active funded-projects roster"
A2_check_source,Texas Higher Education Coordinating Board,4320308138,1590,5,404 2KB,http://board.thecb.state.tx.us/apps/restrictedresearchpublic/default.cfm,gapscan,,A_static_html,"gap-scan deep-pass 2026-06-04 (direct): 1,590 works; F-id F4320308138; US; type 5 (static HTML); origin direct; src: http://board.thecb.state.tx.us/apps/restrictedresearchpublic/default.cfm -- THECB Restricted Research public app lists funded research awards by department; URL returned 404 when fetched but confirmed in search results as the award list; also State Grants >$25k report exists; direct structured source confirmed"
A2_check_source,Water Research Foundation,4320308602,1589,5,403 WAF 5KB,https://www.waterrf.org/research,gapscan,,A_static_html,"gap-scan 2026-06-04 (direct): 1,589 works; F-id F4320308602; US; type 5 (static HTML); origin direct; src: https://www.waterrf.org/research -- WRF hosts a library of 2300+ completed projects browsable on waterrf.org/research; each project has title, date, description; subscriber paywall for full reports but metadata open"
A2_check_source,Auckland Medical Research Foundation,4320320776,1586,5,200 WAF 2084KB,https://www.medicalresearch.org.nz/project-grants,gapscan,,A_static_html,"gap-scan 2026-06-04 (direct): 1,586 works; F-id F4320320776; NZ; type 5 (static HTML); origin direct; src: https://www.medicalresearch.org.nz/project-grants -- Auckland Medical Research Foundation lists previously funded project grants on medicalresearch.org.nz/project-grants with PI, title, institution; direct static HTML"
A2_check_source,GAVI Alliance,4320306348,1557,4,200 WAF 183KB,https://www.gavi.org/our-alliance/operating-model/gavi-transparency-portal-and-iati,gapscan,,A_api_bulk,"gap-scan 2026-06-04 (direct): 1,557 works; F-id F4320306348; CH; type 4 (bulk file); origin direct; src: https://www.gavi.org/our-alliance/operating-model/gavi-transparency-portal-and-iati -- GAVI publishes IATI XML data per country program; transparency portal at gavi.org; top-rated IATI publisher since 2012; country-level disbursements not individual grants"
A2_check_source,Deutsches Zentrum für integrative Biodiversitätsforschung Halle-Jena-Leipzig,4320330723,1556,5,ERR ReadTimeout,https://www.idiv.de/en/research/flexpool/calls-and-funded-projects.html,gapscan,,A_static_html,"gap-scan 2026-06-04 (direct): 1,556 works; F-id F4320330723; DE; type 5 (static HTML); origin direct; src: https://www.idiv.de/en/research/flexpool/calls-and-funded-projects.html -- iDiv Flexpool funded projects listed on static HTML page; also internal funding calls listed; searchable by year/call"
A2_check_source,British Ecological Society,4320320111,1542,5,200 WAF 131KB,https://www.britishecologicalsociety.org/content-type/grant-stories/,gapscan,,A_static_html,"gap-scan 2026-06-04 (direct): 1,542 works; F-id F4320320111; GB; type 5 (static HTML); origin direct; src: https://www.britishecologicalsociety.org/content-type/grant-stories/ -- BES publishes grant stories (individual recipient profiles) on website; past awards page exists for outreach grants; no bulk list but HTML-scrapable recipient pages"
A2_check_source,ASCRS Research Foundation,4320308812,1530,5,200 WAF 82KB,https://www.ascrs.org/foundation/grants-and-awards/yisg/2024-cohort,gapscan,,A_static_html,"gap-scan deep-pass 2026-06-04 (direct): 1,530 works; F-id F4320308812; US; type 5 (static HTML); origin direct; src: https://www.ascrs.org/foundation/grants-and-awards/yisg/2024-cohort -- ASCRS Foundation has per-year cohort pages for YISG grants (2020-2026 confirmed); plus Chang-Crandall Humanitarian Award and Resident Excellence Award annual lists; static HTML per year; scraping all cohort pages feasible"
A2_check_source,American Council of Learned Societies,4320306224,1516,3,200 WAF 134KB,https://www.acls.org/fellows-grantees/,gapscan,,A_api_bulk,"gap-scan 2026-06-04 (direct): 1,516 works; F-id F4320306224; US; type 3 (search/index API); origin direct; src: https://www.acls.org/fellows-grantees/ -- ACLS Fellows and Grantees searchable database covers 12,000+ scholars over past century; search by year/program/discipline with project title and institution; excellent direct source"
A2_check_source,Deutsche Herzstiftung,4320323555,1505,5,403 WAF 5KB,https://herzstiftung.de/herzforschung/forschungsprojekte,gapscan,,A_static_html,"gap-scan 2026-06-04 (direct): 1,505 works; F-id F4320323555; DE; type 5 (static HTML); origin direct; src: https://herzstiftung.de/herzforschung/forschungsprojekte -- Deutsche Herzstiftung lists currently funded cardiovascular research projects on website; individual project descriptions; HTML scrape feasible"
A2_check_source,Fundación Mutua Madrileña,4320310220,1500,5,403 WAF 5KB,https://www.fundacionmutua.es/salud/ayudas-investigacion/convocatoria-anterior/,gapscan,,A_static_html,"gap-scan 2026-06-04 (direct): 1,500 works; F-id F4320310220; ES; type 5 (static HTML); origin direct; src: https://www.fundacionmutua.es/salud/ayudas-investigacion/convocatoria-anterior/ -- Fundacion Mutua Madrilena lists funded research projects by year (2019-2025+) with PI names and project titles; HTML-scrapable annual award pages"
A2_check_source,Hartford Foundation for Public Giving,4320306368,1489,5,404 79KB,https://www.hfpg.org/nonprofits/current-grantees,gapscan,,A_static_html,"gap-scan 2026-06-04 (direct): 1,489 works; F-id F4320306368; US; type 5 (static HTML); origin direct; src: https://www.hfpg.org/nonprofits/current-grantees -- Hartford Foundation for Public Giving (now Greater Hartford Gives Foundation) has Current Grantees page; interactive map of 5-year grants; searchable funds database; HTML-scrapable"
A2_check_source,E-Rare,4320317617,1472,5,404 1KB,http://www.erare.eu/financed-projects/,gapscan,,A_static_html,"gap-scan 2026-06-04 (direct): 1,472 works; F-id F4320317617; ; type 5 (static HTML); origin direct; src: http://www.erare.eu/financed-projects/ -- E-Rare ERA-Net has financed-projects section listing transnational funded rare disease research projects by joint call; HTML-scrapable; covers multiple JTC call years"
A2_check_source,Natural Science Foundation of Tianjin Municipal Science and Technology Commission,4320335468,1470,5,403 0KB,https://kxjs.tj.gov.cn/ZWGK4143/TZGG2079/202412/t20241230_6819673.html,gapscan,,A_static_html,"gap-scan deep-pass 2026-06-04 (direct): 1,470 works; F-id F4320335468; CN; type 5 (static HTML); origin direct; src: https://kxjs.tj.gov.cn/ZWGK4143/TZGG2079/202412/t20241230_6819673.html -- Tianjin NSF publishes 拟立项公示 on kxjs.tj.gov.cn annually; 2024 announcement confirmed with attachment (project list); site accessible (200 on some pages); same model as other Chinese municipal S&T bureaus; direct HTML/attachment source"
A2_check_source,Vision Group on Science and Technology,4320328620,1455,5,ERR ConnectTimeout,https://vgstdst.karnataka.gov.in/95/details-of-vgst-programs-from-fy-2022-23/en,gapscan,,A_static_html,"gap-scan 2026-06-04 (direct): 1,455 works; F-id F4320328620; IN; type 5 (static HTML); origin direct; src: https://vgstdst.karnataka.gov.in/95/details-of-vgst-programs-from-fy-2022-23/en -- VGST Karnataka publishes annual beneficiary lists by FY on official site; HTML pages per year; PPMS portal at vgst.karnataka.gov.in/PPMS also exists"
A2_check_source,UK-India Education and Research Initiative,4320320270,1455,5,ERR ConnectTimeout,http://ukieri.org/announcements/institutional-research-and-mobility-partnerships,gapscan,,A_static_html,"gap-scan deep-pass 2026-06-04 (direct): 1,455 works; F-id F4320320270; GB; type 5 (static HTML); origin direct; src: http://ukieri.org/announcements/institutional-research-and-mobility-partnerships -- UKIERI website lists Phase 4 awarded partnerships (34 grants across 26 UK + 23 Indian institutions); HTML page with grant details; Phase 4 results publicly available; scrape feasible though sparse per phase"
A2_check_source,Terry Fox Research Institute,4320322597,1448,5,404 56KB,https://www.tfri.ca/en/research/our-researchers.aspx,gapscan,,A_static_html,"gap-scan 2026-06-04 (direct): 1,448 works; F-id F4320322597; CA; type 5 (static HTML); origin direct; src: https://www.tfri.ca/en/research/our-researchers.aspx -- TFRI maintains searchable researcher portfolio (604 funded researchers) and program grant listings at tfri.ca; direct HTML listing"
A2_check_source,Federation for the Humanities and Social Sciences,4320314366,1439,5,403 WAF 5KB,https://www.federationhss.ca/en/programs-policy/scholarly-book-awards,gapscan,,A_static_html,"gap-scan 2026-06-04 (direct): 1,439 works; F-id F4320314366; CA; type 5 (static HTML); origin direct; src: https://www.federationhss.ca/en/programs-policy/scholarly-book-awards -- Federation for Humanities and Social Sciences Canada runs Scholarly Book Awards (ASPP); 180 grants/yr; award lists published on federationhss.ca; also ideas-idees.ca"
A2_check_source,NIHR Maudsley Biomedical Research Centre,4320334412,1437,3,500 29KB,https://kclpure.kcl.ac.uk/portal/en/organisations/nihr-maudsley-biomedical-research-centre-brc(52e7066b-69bf-4ed9-acdd-a32e9f914406)/projects.html,gapscan,,A_api_bulk,"gap-scan deep-pass 2026-06-04 (direct): 1,437 works; F-id F4320334412; GB; type 3 (search/index API); origin direct; src: https://kclpure.kcl.ac.uk/portal/en/organisations/nihr-maudsley-biomedical-research-centre-brc(52e7066b-69bf-4ed9-acdd-a32e9f914406)/projects.html -- NIHR Maudsley BRC projects listed in KCL Pure portal; returned 403 on direct fetch but prior notes confirm filterable project list; KCL Pure is a CRIS/research portal with structured project data; type 3 search/index API"
A2_check_source,ResMed,4320317536,1406,5,200 WAF 15KB,https://www.resmedfoundation.org/grant-recipients.php,gapscan,,A_static_html,"gap-scan 2026-06-04 (direct): 1,406 works; F-id F4320317536; US; type 5 (static HTML); origin direct; src: https://www.resmedfoundation.org/grant-recipients.php -- ResMed Foundation maintains public grant recipients list at resmedfoundation.org/grant-recipients.php; ~$1M/yr in grants; direct HTML page"
A2_check_source,World Anti-Doping Agency,4320321049,1377,5,403 WAF 82KB,https://www.wada-ama.org/en/funded-research-projects,gapscan,,A_static_html,"gap-scan 2026-06-04 (direct): 1,377 works; F-id F4320321049; CA; type 5 (static HTML); origin direct; src: https://www.wada-ama.org/en/funded-research-projects -- WADA lists all funded scientific and social-science research projects since 2001 with summaries; searchable by year; USD 88M+ committed; very clean direct source"
A2_check_source,Ministère de l'Europe et des Affaires Étrangères,4320321874,1374,4,200 WAF 169KB,https://www.data.gouv.fr/datasets/l-aide-publique-au-developpement-de-la-france,gapscan,,A_api_bulk,"gap-scan deep-pass 2026-06-04 (direct): 1,374 works; F-id F4320321874; FR; type 4 (bulk file); origin direct; src: https://www.data.gouv.fr/datasets/l-aide-publique-au-developpement-de-la-france -- MEAE publishes France official development aid dataset on data.gouv.fr in IATI XML format (95 XML files); covers development projects financed by MEAE and AFD; last update 2018 noted but dataset page active; research grants mixed with general ODA; type 4 bulk XML"
A2_check_source,Chief Scientist Office,4320320176,1371,5,200 WAF 51KB,https://www.cso.scot.nhs.uk/funded-research/,gapscan,,A_static_html,"gap-scan deep-pass 2026-06-04 (direct): 1,371 works; F-id F4320320176; GB; type 5 (static HTML); origin direct; src: https://www.cso.scot.nhs.uk/funded-research/ -- CSO Scotland funded-research page organizes projects by category (Translational Clinical Studies; Fellowships; Covid Research etc.); project details with abstracts accessible via category navigation; no bulk export but structured HTML scrape per category feasible; FOI 202400416712 also released award data"
A2_check_source,New Brunswick Innovation Foundation,4320319980,1350,5,404 WAF 225KB,https://nbif.ca/nbif-awards-2024-climate-impact-grants-fueling-green-innovation-in-new-brunswick/,gapscan,,A_static_html,"gap-scan deep-pass 2026-06-04 (direct): 1,350 works; F-id F4320319980; CA; type 5 (static HTML); origin direct; src: https://nbif.ca/nbif-awards-2024-climate-impact-grants-fueling-green-innovation-in-new-brunswick/ -- NBIF publishes structured press releases per grant round listing all recipients with names institutions project titles amounts; 2024 Climate Impact (7 recipients); ECT-NB rounds; Research Technicians Initiative; multiple programs with annual announcements; static HTML scrape across nbif.ca feasible"
A2_check_source,New York Stem Cell Foundation,4320307384,1343,5,200 WAF 67KB,https://nyscf.org/programs/extramural-grants/investigator-awards/,gapscan,,A_static_html,"gap-scan 2026-06-04 (direct): 1,343 works; F-id F4320307384; US; type 5 (static HTML); origin direct; src: https://nyscf.org/programs/extramural-grants/investigator-awards/ -- NYSCF publishes year-by-year class announcements for Robertson Investigators (2019-2023+) and people directory; 80 investigators/alumni at 48 institutions publicly listed"
A2_check_source,The Research Council,4320322887,1328,3,ERR ConnectionError,https://rims.trc.gov.om/converis/portal/list?show=Project&sortBy=cfTitle&sortOrder=false&cypher=All&page=1&items=10&treeView=false&lang=en_GB,gapscan,,A_api_bulk,"gap-scan 2026-06-04 (direct): 1,328 works; F-id F4320322887; OM; type 3 (search/index API); origin direct; src: https://rims.trc.gov.om/converis/portal/list?show=Project&sortBy=cfTitle&sortOrder=false&cypher=All&page=1&items=10&treeView=false&lang=en_GB -- Oman TRC public RIMS Converis portal lists all funded research projects with title; PI; institution; searchable and paginated; excellent direct source"
A2_check_source,New York State Stem Cell Science,4320313691,1325,5,ERR ConnectionError,https://stemcell.ny.gov/awards,gapscan,,A_static_html,"gap-scan 2026-06-04 (direct): 1,325 works; F-id F4320313691; US; type 5 (static HTML); origin direct; src: https://stemcell.ny.gov/awards -- NYSTEM Grants and Contracts Awarded page; static HTML listing by award type and year; program ended ~2022 but archive intact"
A2_check_source,Accelerated Innovation Research Initiative Turning Top Science and Ideas into High-Impact Values,4320338113,1322,5,404 1KB,https://www.jst.go.jp/kisoken/accel/en/research_project/index.html,gapscan,,A_static_html,"gap-scan 2026-06-04 (direct): 1,322 works; F-id F4320338113; JP; type 5 (static HTML); origin direct; src: https://www.jst.go.jp/kisoken/accel/en/research_project/index.html -- JST ACCEL program; research_project pages list all funded projects with PI names and titles; both ongoing and completed"
A2_check_source,SystemsX.ch,4320327577,1316,5,ERR ConnectionError,http://www.systemsx.ch/projects/projects/index.html,gapscan,,A_static_html,"gap-scan 2026-06-04 (direct): 1,316 works; F-id F4320327577; CH; type 5 (static HTML); origin direct; src: http://www.systemsx.ch/projects/projects/index.html -- SystemsX.ch lists all funded RTD and MRD projects by category; program ended ~2018 but archive available; static HTML"
A2_check_source,Suomalainen Tiedeakatemia,4320321109,1306,5,200 WAF 67KB,https://acadsci.fi/en/grants-and-prizes/awarded-grants/,gapscan,,A_static_html,"gap-scan 2026-06-04 (direct): 1,306 works; F-id F4320321109; FI; type 5 (static HTML); origin direct; src: https://acadsci.fi/en/grants-and-prizes/awarded-grants/ -- Finnish Academy of Science and Letters; awarded-grants page lists recipients by year going back to 2013; static HTML"
A2_check_source,Institut pour la Recherche en Santé Publique,4320330835,1299,4,200 WAF 175KB,https://www.data.gouv.fr/fr/datasets/appels-a-projets-iresp-projets-retenus-financeurs-et-partenaires/,gapscan,,A_api_bulk,"gap-scan 2026-06-04 (direct): 1,299 works; F-id F4320330835; FR; type 4 (bulk file); origin direct; src: https://www.data.gouv.fr/fr/datasets/appels-a-projets-iresp-projets-retenus-financeurs-et-partenaires/ -- IReSP (FR) publishes CSV files on data.gouv.fr of all funded projects since 2005 (ODbL license); also browsable at iresp.net/projets-finances/ with filters by year/theme; multiple CSV files per period (projects/funders/partners)"
A2_check_source,Australian Rotary Health,4320320448,1296,5,200 WAF 185KB,https://australianrotaryhealth.org.au/research/,gapscan,,A_static_html,"gap-scan 2026-06-04 (direct): 1,296 works; F-id F4320320448; AU; type 5 (static HTML); origin direct; src: https://australianrotaryhealth.org.au/research/ -- Australian Rotary Health; Current Research page lists funded projects; static HTML; annual rounds funded"
A2_check_source,Quỹ Đổi mới sáng tạo Vingroup,4320328994,1294,5,ERR ConnectionError,https://vinif.org/en/annual/,gapscan,,A_static_html,"gap-scan 2026-06-04 (direct): 1,294 works; F-id F4320328994; VN; type 5 (static HTML); origin direct; src: https://vinif.org/en/annual/ -- Vingroup Innovation Fund VINIF (VN); Annual Project Archive lists funded science and technology projects; static HTML"
A2_check_source,Roy J. Carver Charitable Trust,4320306274,1277,5,200 WAF 65KB,https://www.carvertrust.org/recent-grants/,gapscan,,A_static_html,"gap-scan 2026-06-04 (direct): 1,277 works; F-id F4320306274; US; type 5 (static HTML); origin direct; src: https://www.carvertrust.org/recent-grants/ -- Roy J Carver Charitable Trust Iowa; dedicated Recent Grants pages by fiscal year (FY2020-FY2024); HTML tables of grantees with amounts; strong direct source"
A2_check_source,Helsefonden,4320323462,1274,5,404 66KB,https://helsefonden.dk/har-vi-stoettet,gapscan,,A_static_html,"gap-scan 2026-06-04 (direct): 1,274 works; F-id F4320323462; DK; type 5 (static HTML); origin direct; src: https://helsefonden.dk/har-vi-stoettet -- Danish Health Foundation; ""Det har vi støttet"" page lists funded projects by year since 2018; paginated HTML; direct source"
A2_check_source,Physicians' Services Incorporated Foundation,4320319981,1259,5,200 WAF 181KB,https://www.psifoundation.org/funded-research/,gapscan,,A_static_html,"gap-scan 2026-06-04 (direct): 1,259 works; F-id F4320319981; CA; type 5 (static HTML); origin direct; src: https://www.psifoundation.org/funded-research/ -- PSI Foundation Canada (Ontario physician-sponsored); dedicated Funded Research page plus Application Results archives by cycle; fellowship recipient archives; strong direct source"
A2_check_source,Japan Foundation for Applied Enzymology,4320310723,1256,5,404 26KB,https://www.jfae.or.jp/assist/assistlist.html,gapscan,,A_static_html,"gap-scan 2026-06-04 (direct): 1,256 works; F-id F4320310723; JP; type 5 (static HTML); origin direct; src: https://www.jfae.or.jp/assist/assistlist.html -- Japan Foundation Applied Enzymology; awardee lists by fiscal year (2022 2023) at jfae.or.jp/assist/; research grant list at index04.html; good direct HTML source"
A2_check_source,Fondation contre le Cancer,4320328144,1236,5,200 WAF 1633KB,https://kanker.be/laureaten/laureaten-wetenschappelijke-grants-2024/,gapscan,,A_static_html,"gap-scan 2026-06-04 (direct): 1,236 works; F-id F4320328144; BE; type 5 (static HTML); origin direct; src: https://kanker.be/laureaten/laureaten-wetenschappelijke-grants-2024/ -- Fondation contre le Cancer Belgium; laureaten (awardee) pages by year on kanker.be; 68 projects listed for 2024 alone; research village project browser also at kanker.be/beating-cancer-together/research-village; direct HTML"
A2_check_source,Novocure,4320313690,1211,5,404 295KB,https://www.novocure.com/novocure-announces-recipients-of-3rd-annual-aacr-novocure-grants-tumor-treating-fields-research-program/,gapscan,,A_static_html,"gap-scan 2026-06-04 (direct): 1,211 works; F-id F4320313690; GB; type 5 (static HTML); origin direct; src: https://www.novocure.com/novocure-announces-recipients-of-3rd-annual-aacr-novocure-grants-tumor-treating-fields-research-program/ -- Annual AACR-Novocure grant recipients announced on novocure.com press release pages; 4+ rounds publicly listed with recipient names and award amounts"
A2_check_source,Elsa U. Pardee Foundation,4320306470,1191,5,200 WAF 52KB,https://pardeefoundation.org/recent-grants/,gapscan,,A_static_html,"gap-scan 2026-06-04 (direct): 1,191 works; F-id F4320306470; US; type 5 (static HTML); origin direct; src: https://pardeefoundation.org/recent-grants/ -- Elsa U. Pardee Foundation lists recent grants on static HTML page with institution names and amounts; cancer research grants ~$100k-$175k each"
A2_check_source,Helen Hay Whitney Foundation,4320308318,1191,5,200 WAF 99KB,https://hhwf.org/current-fellows/,gapscan,,A_static_html,"gap-scan 2026-06-04 (direct): 1,191 works; F-id F4320308318; US; type 5 (static HTML); origin direct; src: https://hhwf.org/current-fellows/ -- Helen Hay Whitney Foundation lists current and former fellows by year with name; institution; mentor; research description; static WordPress HTML; former-fellows search also available"
A2_check_source,Friedreich's Ataxia Research Alliance,4320306958,1162,3,200 WAF 120KB,https://www.curefa.org/funded-grants/,gapscan,,A_api_bulk,"gap-scan 2026-06-04 (direct): 1,162 works; F-id F4320306958; US; type 3 (search/index API); origin direct; src: https://www.curefa.org/funded-grants/ -- FARA lists all funded grants in a dynamic searchable interface with filters (year; domain; grant type); shows PI name; institution; project title; award date; ~10 pages of results"
A2_check_source,Institut de Valorisation des Données,4320330273,1125,5,200 WAF 93KB,https://ivado.ca/en/research-projects/,gapscan,,A_static_html,"gap-scan 2026-06-04 (direct): 1,125 works; F-id F4320330273; CA; type 5 (static HTML); origin direct; src: https://ivado.ca/en/research-projects/ -- IVADO Canada; publishes funded researchers/project lists and news announcements of awardees; exploratory projects recipients named publicly"
A2_check_source,G. Harold and Leila Y. Mathers Foundation,4320312920,1115,5,200 WAF 92KB,https://mathersfoundation.org/category/grantee-highlights/new-grant/,gapscan,,A_static_html,"gap-scan deep-pass 2026-06-04 (direct): 1,115 works; F-id F4320312920; US; type 5 (static HTML); origin direct; src: https://mathersfoundation.org/category/grantee-highlights/new-grant/ -- WordPress site with paginated New Grant category posts listing individual awardees by name with project descriptions; 2+ pages of posts confirmed; HTML scrape feasible; no bulk download but structured enough for scraping"
A2_check_source,Génome Québec,4320314025,1112,5,200 WAF 147KB,https://www.genomequebec.com/en/funded-projects/,gapscan,,A_static_html,"gap-scan 2026-06-04 (direct): 1,112 works; F-id F4320314025; CA; type 5 (static HTML); origin direct; src: https://www.genomequebec.com/en/funded-projects/ -- Paginated funded-projects list with PI name; competition type; dates; budget; static HTML scrape feasible"
A2_check_source,Canon Foundation in Europe,4320308341,1092,4,403 WAF 0KB,https://www.canonfoundation.org/fellows/fellow-register/,pdf;gapscan,,A_api_bulk,"gap-scan 2026-06-04 (direct): 1,092 works; F-id F4320308341; NL; type 4 (bulk file); origin direct; src: https://www.canonfoundation.org/fellows/fellow-register/ -- Fellow Register downloadable as PDF listing all fellows 1990-present; also per-year HTML pages; bulk PDF and HTML scrape feasible"
A2_check_source,School for Public Health Research,4320335836,1087,5,200 WAF 96KB,https://sphr.nihr.ac.uk/research/prevention-programme/funded-research/,gapscan,,A_static_html,"gap-scan 2026-06-04 (direct): 1,087 works; F-id F4320335836; GB; type 5 (static HTML); origin direct; src: https://sphr.nihr.ac.uk/research/prevention-programme/funded-research/ -- NIHR SPHR has Funded Research page plus Our Projects pages listing commissioned projects with titles and investigators; HTML scrape feasible"
A2_check_source,Syöpäsäätiö,4320326591,1087,5,200 WAF 111KB,https://syopasaatio.fi/en/research/for-researchers/grants-awarded-yearly/,gapscan,,A_static_html,"gap-scan deep-pass 2026-06-04 (direct): 1,087 works; F-id F4320326591; FI; type 5 (static HTML); origin direct; src: https://syopasaatio.fi/en/research/for-researchers/grants-awarded-yearly/ -- Cancer Foundation Finland confirmed: grants-awarded-yearly page links to per-year archives 2010-2020; 2025 announcement names ~4 major recipients but full list (95 recipients) not in single HTML; per-year pages in Finnish have complete lists; HTML scrape feasible with Finnish pages"
A2_check_source,Polar Knowledge Canada,4320313408,1059,5,ERR ReadTimeout,https://www.canada.ca/en/polar-knowledge/polar-funded-projects.html,gapscan,,A_static_html,"gap-scan 2026-06-04 (direct): 1,059 works; F-id F4320313408; CA; type 5 (static HTML); origin direct; src: https://www.canada.ca/en/polar-knowledge/polar-funded-projects.html -- Polar Knowledge Canada; Canada.ca hosts static HTML lists of funded projects by year (2015-16; 2017-19 confirmed); direct federal government pages"
A2_check_source,Alberta Conservation Association,4320309908,1050,5,200 WAF 83KB,https://www.ab-conservation.com/grants-program/overview/grant-recipient-lists/,gapscan,,A_static_html,"gap-scan 2026-06-04 (direct): 1,050 works; F-id F4320309908; CA; type 5 (static HTML); origin direct; src: https://www.ab-conservation.com/grants-program/overview/grant-recipient-lists/ -- Alberta Conservation Association; public grant recipient lists on website; archived print reports 2002-2021 for Research Grants and CCE Grants; HTML pages per year"
A2_check_source,"Ministry of Science and Technology, Croatia",4320323978,1032,4,200 WAF 201KB,https://hrzz.hr/en/funding/project-database/,gapscan,,A_api_bulk,"gap-scan deep-pass 2026-06-04 (direct): 1,032 works; F-id F4320323978; HR; type 4 (bulk file); origin direct; src: https://hrzz.hr/en/funding/project-database/ -- Croatian Science Foundation (HRZZ) confirmed: full project database downloadable in CSV; XLS; and XML formats at hrzz.hr/en/funding/project-database/; Croatia MZOS merged into HRZZ which is now the primary Croatian science funder with bulk download; direct and confirmed"
A2_check_source,Raine Medical Research Foundation,4320320473,1003,5,200 WAF 114KB,https://www.rainefoundation.org.au/raine-medical-research-foundation-awards-ceremony-2025/,gapscan,,A_static_html,"gap-scan 2026-06-04 (direct): 1,003 works; F-id F4320320473; AU; type 5 (static HTML); origin direct; src: https://www.rainefoundation.org.au/raine-medical-research-foundation-awards-ceremony-2025/ -- Raine Medical Research Foundation Australia; annual awards announcement pages back to 2021; lists recipients by category with project titles; HTML press-release style per year"
A2_check_source,"Cooperative Research Centres, Australian Government Department of Industry",4320321836,1003,5,200 WAF 336KB,https://business.gov.au/grants-and-programs/cooperative-research-centres-crc-grants/crc-grants-selection-round-outcomes,gapscan,,A_static_html,"gap-scan 2026-06-04 (direct): 1,003 works; F-id F4320321836; AU; type 5 (static HTML); origin direct; src: https://business.gov.au/grants-and-programs/cooperative-research-centres-crc-grants/crc-grants-selection-round-outcomes -- Cooperative Research Centres Australia; business.gov.au lists current CRCs and selection round outcomes; also CRC-P grants list; direct Australian government portal"
A2_check_source,Ian Potter Foundation,4320320458,1002,5,200 WAF 163KB,https://www.ianpotter.org.au/knowledge-centre/grants-database,gapscan,,A_static_html,"gap-scan 2026-06-04 (direct): 1,002 works; F-id F4320320458; AU; type 5 (static HTML); origin direct; src: https://www.ianpotter.org.au/knowledge-centre/grants-database -- Ian Potter Foundation Australia; public grants database at ianpotter.org.au/knowledge-centre/grants-database; all grants since 1964 listed by financial year; browsable HTML"
B_browser_or_pdf,JST (Japan Science and Technology Agency),4320334789,60852,,no_url,,,,B_unclassified,"NEEDS JAPANESE-LANGUAGE INGEST 2026-05-22 (contractor): F4320334789 (JP, 60,852 works in OpenAlex — one of the largest non-US science funders). The projectdb.jst.go.jp/search/ page reports 29,394 projects spanning JST's research programs. Each project at projectdb.jst.go.jp/grant/JST-PROJECT-{id}/ has Japanese-language fields (研究課題, 研究代表者, 研究期間, 概要). No obvious JSON API (probed /search.json, /api/search, /grants.json — 404/500); pagination is server-side rendered via /search/?qc=... query params. Ingest requires: (a) UTF-8 encoding handling for Japanese characters, (b) decision on shipping Jap"
B_browser_or_pdf,Fonds De La Recherche Scientifique - FNRS,4320321390,40780,5,200 213KB,https://www.frs-fnrs.be/en/results-previous-calls-proposals,pdf;gapscan,,B_html_pdf_or_waf,"gap-scan 2026-06-04 (direct): 40,780 works; F-id F4320321390; BE; type 5 (static HTML); origin direct; src: https://www.frs-fnrs.be/en/results-previous-calls-proposals -- FNRS publishes results of previous calls for proposals listing funded grants/projects; static HTML; per-call PDFs/pages"
B_browser_or_pdf,Ministero della Salute,4320321781,37948,5,404 7KB,https://www.salute.gov.it/portale/ricercaFinanziata/homePaginaRicercaFinanziata.jsp,browser;pdf;gapscan,,B_html_pdf_or_waf,"gap-scan deep-pass 2026-06-04 (direct): 37,948 works; F-id F4320321781; IT; type 5 (static HTML); origin direct; src: https://www.salute.gov.it/portale/ricercaFinanziata/homePaginaRicercaFinanziata.jsp -- Italy Ministry of Health Ricerca Finalizzata publishes funded-project lists per call via portal and PDF; 2024 call confirmed (€150M available); per-call award lists published as HTML/PDF on salute.gov.it; site behind Cloudflare but pages accessible; structured enough for static HTML scrape"
B_browser_or_pdf,World Health Organization — TDR (WHO),4320307856,37587,,200 4KB,https://ror.org/01f80g185,assessed,,B_unclassified,"ASSESSED 2026-06-03 (kyle funder-list review): WHO F4320307856 (CH, ROR https://ror.org/01f80g185, DOI 10.13039/100004423, 37,587 works). **AVAILABLE-ish — not yet ingested.** WHO/TDR Special Programme grants database at https://tdr.who.int/grants exposes >10,000 grants (2009–) + ~4,000 papers, built as a Dimensions/Digital Science embedded widget (titles, PIs, institutions, dates). No native CSV/JSON/bulk export; extraction likely needs the Dimensions API. Amounts NOT consistently exposed → Tier 2-ish. WHO broadly is a coordinator/funder; this TDR portal is the concrete ingestable surface."
B_browser_or_pdf,Leibniz-Gemeinschaft,4320334763,28984,6,200 553KB,https://www.leibniz-gemeinschaft.de/en/research/leibniz-competition/funded-projects,browser;gapscan,,B_browser,"gap-scan deep-pass 2026-06-04 (direct): 28,984 works; F-id F4320334763; DE; type 6 (JS/browser); origin direct; src: https://www.leibniz-gemeinschaft.de/en/research/leibniz-competition/funded-projects -- Leibniz Competition funded-projects DB confirmed: 296 projects (2018-2026) with PI/title/programme/dates/cooperation-partners; no bulk export; JS filter UI only; browser-scrape feasible; amounts not shown"
B_browser_or_pdf,Thailand Research Fund,4320322614,22827,5,404 0KB,https://elibrary.trf.or.th/project.asp,pdf;gapscan,,B_html_pdf_or_waf,"gap-scan 2026-06-04 (direct): 22,827 works; F-id F4320322614; TH; type 5 (static HTML); origin direct; src: https://elibrary.trf.or.th/project.asp -- Thailand Research Fund (now TSRI); public eLibrary project database (elibrary.trf.or.th / elibrary.tsri.or.th) with per-project pages and full-text PDF reports; scrapeable"
B_browser_or_pdf,American Chemical Society Petroleum Research Fund,4320332454,20671,5,200 0KB,https://www.acs.org/funding/grants/petroleum-research-fund.html,pdf;gapscan,,B_html_pdf_or_waf,"gap-scan deep-pass 2026-06-04 (direct): 20,671 works; F-id F4320332454; US; type 5 (static HTML); origin direct; src: https://www.acs.org/funding/grants/petroleum-research-fund.html -- ACS PRF publishes annual grantee lists per C&EN; 2022 grants PDF confirmed at acs.org/content/dam/acsorg/funding/grants/prf/about/2022-grants-listing-rev.pdf (403 on fetch but URL confirmed via search); semi-annual rounds announced; ~195 grants/yr; no searchable DB; PDF scrape per round"
B_browser_or_pdf,Shanghai Municipal Education Commission,4320321881,20659,5,200 2KB,https://edu.sh.gov.cn/web/gsgg/,pdf;gapscan,,B_html_pdf_or_waf,"gap-scan deep-pass 2026-06-04 (direct): 20,659 works; F-id F4320321881; CN; type 5 (static HTML); origin direct; src: https://edu.sh.gov.cn/web/gsgg/ -- Shanghai Education Commission posts 晨光计划/曙光计划 拟入选名单 公示 on edu.sh.gov.cn public announcement section; 2024 Chenguang list confirmed published Dec 2024; attachment format not confirmed but PDF/Excel typical; static HTML + attachment scrape"
B_browser_or_pdf,International Atomic Energy Agency (IAEA),4320322679,19209,,no_url,,,,B_unclassified,"DISCOVERED 2026-06-04 via ICMR/HMSC collaboration-list mining (appears as the funding/collaborating agency in HMSC-approved Indian international-collaboration health projects, 2017-2026; n = 9 such projects). F4320322679 (AT, 19,209 works). Health / nuclear-medicine research funding. Candidate for Rohan; confirm an open grant/award list."
B_browser_or_pdf,National Science Fund for Distinguished Young Scholars,4320336125,19041,6,200 1KB,https://kd.nsfc.cn,browser;gapscan,,B_browser,"gap-scan deep-pass 2026-06-04 (direct): 19,041 works; F-id F4320336125; CN; type 6 (JS/browser); origin direct; src: https://kd.nsfc.cn -- NSFC Distinguished Young Scholars sub-fund on kd.nsfc.cn; same JS-heavy platform as other NSFC sub-funds; LetPub English mirror also covers; filter by 项目类别=优秀青年科学基金 or 杰出青年科学基金; JS/agent browser required; no clean bulk export"
B_browser_or_pdf,Cancerfonden,4320321491,18776,5,200 139KB,https://www.cancerfonden.se/forskning/for-forskare/samtliga-anslagsbeslut,pdf;gapscan,,B_html_pdf_or_waf,"gap-scan deep-pass 2026-06-04 (direct): 18,776 works; F-id F4320321491; SE; type 5 (static HTML); origin direct; src: https://www.cancerfonden.se/forskning/for-forskare/samtliga-anslagsbeslut -- Cancerfonden publishes all bevilj* anslagsbeslut as PDFs since 2013 (most recent 2026-03-09); PDFs contain researcher/project/amount; no HTML table or API; PDF parse required for structured data; direct confirmed"
B_browser_or_pdf,Ligue Contre le Cancer,4320322363,16736,5,200 95KB,https://www.ligue-cancer.net/nos-missions/les-projets-soutenus-par-la-ligue,pdf;gapscan,,B_html_pdf_or_waf,"gap-scan deep-pass 2026-06-04 (direct): 16,736 works; F-id F4320322363; FR; type 5 (static HTML); origin direct; src: https://www.ligue-cancer.net/nos-missions/les-projets-soutenus-par-la-ligue -- Ligue contre le cancer lists supported projects with researcher names/institutions/amounts on site (800+ projects/yr); annual PDF lists available per round; no structured DB or API; narrative + PDF; HTML scrape + PDF parse feasible; direct confirmed"
B_browser_or_pdf,Fondo para la Investigación Científica y Tecnológica,4320337954,13743,5,ERR ConnectTimeout,https://convocatoriasfoncyt.mincyt.gob.ar,pdf;gapscan,,B_html_pdf_or_waf,"gap-scan 2026-06-04 (direct): 13,743 works; F-id F4320337954; AR; type 5 (static HTML); origin direct; src: https://convocatoriasfoncyt.mincyt.gob.ar -- FonCyT/Agencia I+D+i publishes awarded projects (adjudicaciones) by call (PICT etc); searchable system + provincial award PDFs on argentina.gob.ar; HTML/PDF"
B_browser_or_pdf,"Ministry of Agriculture, Forestry and Fisheries",4320322266,8946,5,200 29KB,https://www.affrc.maff.go.jp/docs/project/kobo/2024/index.html,pdf;gapscan,,B_html_pdf_or_waf,"gap-scan deep-pass 2026-06-04 (direct): 8,946 works; F-id F4320322266; JP; type 5 (static HTML); origin direct; src: https://www.affrc.maff.go.jp/docs/project/kobo/2024/index.html -- MAFF AFFRC publishes 採択課題 (adopted projects) with PDF attachments per call; 2024 funded projects publicly listed with consignee institutions; multiple annual calls documented"
B_browser_or_pdf,"Ministère de l'Education Nationale, de l'Enseignement Superieur et de la Recherche",4320322727,8560,1,200 WAF 123KB,https://data.enseignementsup-recherche.gouv.fr/pages/home/,gapscan,,B_unclassified,"gap-scan 2026-06-04 (direct): 8,560 works; F-id F4320322727; FR; type 1 (CKAN/open-data API); origin direct; src: https://data.enseignementsup-recherche.gouv.fr/pages/home/ -- French MESR has open-data CKAN platform at data.enseignementsup-recherche.gouv.fr; datasets on HE and research; check for specific grants datasets; ministry also on data.gouv.fr"
B_browser_or_pdf,Ministerstvo Zdravotnictví Ceské Republiky,4320321798,7926,5,200 186KB,https://www.azvcr.cz/en/podpora-vyzkumu/,pdf;gapscan,,B_html_pdf_or_waf,"gap-scan deep-pass 2026-06-04 (direct): 7,926 works; F-id F4320321798; CZ; type 5 (static HTML); origin direct; src: https://www.azvcr.cz/en/podpora-vyzkumu/ -- AZV CR (Czech Health Research Agency under Ministry of Health) publishes annual funded-project PDFs for 2024-2026 and web lists for 2015-2023; ~20% funding rate; project-level data confirmed public"
B_browser_or_pdf,Cystic Fibrosis Foundation,4320306168,7780,,no_url,,,,B_unclassified,"DISCOVERED 2026-06-04 via ICMR/HMSC collaboration-list mining (appears as the funding/collaborating agency in HMSC-approved Indian international-collaboration health projects, 2017-2026; n = 2 such projects). F4320306168 (US, 7,780 works). US disease foundation; publishes funded research. Candidate."
B_browser_or_pdf,"Kementerian Pendidikan, Kebudayaan, Riset, dan Teknologi",4320331994,7429,6,ERR ConnectionError,https://bima.kemdikbud.go.id/,browser;gapscan,,B_browser,"gap-scan deep-pass 2026-06-04 (direct): 7,429 works; F-id F4320331994; ID; type 6 (JS/browser); origin direct; src: https://bima.kemdikbud.go.id/ -- BIMA is central Indonesian research funding platform; IPB received most funding in 2024 (372 proposals); system confirmed active for 2024-2025; public access to funded project data via portal confirmed but JS-heavy"
B_browser_or_pdf,Science and Technology Department of Zhejiang Province,4320338110,6590,5,200 84KB,https://kjt.zj.gov.cn/,pdf;gapscan,,B_html_pdf_or_waf,"gap-scan deep-pass 2026-06-04 (direct): 6,590 works; F-id F4320338110; CN; type 5 (static HTML); origin direct; src: https://kjt.zj.gov.cn/ -- Zhejiang S&T Dept publishes 立项公示 (project approval notices) with downloadable Word/PDF attachments per call on kjt.zj.gov.cn; 2024 examples found (e.g. 549 Vanguard Leader+X projects Nov 2024); ZJNSF also has project query system at zjnsf.kjt.zj.gov.cn"
B_browser_or_pdf,Humanities and Social Science Fund of Ministry of Education of China,4320335982,6587,5,200 11KB,https://www.sinoss.net/c/2024-09-14/642760.shtml,pdf;gapscan,,B_html_pdf_or_waf,"gap-scan deep-pass 2026-06-04 (direct): 6,587 works; F-id F4320335982; CN; type 5 (static HTML); origin direct; src: https://www.sinoss.net/c/2024-09-14/642760.shtml -- China MOE H&SS fund: sinoss.net publishes annual approved project lists with downloadable PDF attachments; 2024 batch approved 3378 projects (6 PDF files); project titles PIs institutions confirmed in PDFs"
B_browser_or_pdf,Emil Aaltosen Säätiö,4320322861,6571,5,200 40KB,https://emilaaltonen.fi/myonnetyt-apurahat/,pdf;gapscan,,B_html_pdf_or_waf,"gap-scan deep-pass 2026-06-04 (direct): 6,571 works; F-id F4320322861; FI; type 5 (static HTML); origin direct; src: https://emilaaltonen.fi/myonnetyt-apurahat/ -- Emil Aaltonen Foundation publishes annual grant recipient PDFs (Saajaluettelo) per grant category; 2024 and 2025 lists available; covers 223 grants EUR 4.47M in 2024; multiple downloadable PDFs per year"
B_browser_or_pdf,"Ministerul Cercetării, Inovării şi Digitalizării",4320318622,6062,5,200 256KB,https://uefiscdi.gov.ro/,pdf;gapscan,,B_html_pdf_or_waf,"gap-scan 2026-06-04 (direct): 6,062 works; F-id F4320318622; RO; type 5 (static HTML); origin direct; src: https://uefiscdi.gov.ro/ -- MCID Romania; implementing agency UEFISCDI publishes lists of financed projects per call at uefiscdi.gov.ro; PDF lists and HTML per-programme pages available"
B_browser_or_pdf,Regione Lombardia,4320326078,5795,5,200 201KB,https://frrb.it/trasparenza/atti-di-concessione/,pdf;gapscan,,B_html_pdf_or_waf,"gap-scan deep-pass 2026-06-04 (direct): 5,795 works; F-id F4320326078; IT; type 5 (static HTML); origin direct; src: https://frrb.it/trasparenza/atti-di-concessione/ -- FRRB Lombardia confirmed Atti di Concessione page with annual PDF lists of research contributions (Contributi alla Ricerca) for 2020-2025; beneficiary names and amounts in PDFs; also FRRB funded-projects HTML page with browsable project catalogue; OpenCoesione CSV for cohesion-funded projects"
B_browser_or_pdf,Killam Trusts,4320322337,5766,5,200 228KB,https://killamlaureates.ca/,pdf;gapscan,,B_html_pdf_or_waf,"gap-scan 2026-06-04 (direct): 5,766 works; F-id F4320322337; CA; type 5 (static HTML); origin direct; src: https://killamlaureates.ca/ -- Killam Trusts; official laureates website lists all prize and fellowship winners by year; also Canada Council cumulative PDF list available; direct and comprehensive"
B_browser_or_pdf,Autoritatea Natională pentru Cercetare Stiintifică,4320323444,5615,5,200 256KB,https://uefiscdi.gov.ro/,pdf;gapscan,,B_html_pdf_or_waf,"gap-scan 2026-06-04 (direct): 5,615 works; F-id F4320323444; RO; type 5 (static HTML); origin direct; src: https://uefiscdi.gov.ro/ -- ANCS Romania (now merged into MCID/UEFISCDI); UEFISCDI publishes funded project lists per programme at uefiscdi.gov.ro; PDF and HTML lists available per call"
B_browser_or_pdf,Yunnan Provincial Science and Technology Department,4320325440,5494,5,ERR ReadTimeout,https://kjt.yn.gov.cn/html/xinwendongtai/tongzhigonggao/,pdf;gapscan,,B_html_pdf_or_waf,"gap-scan deep-pass 2026-06-04 (direct): 5,494 works; F-id F4320325440; CN; type 5 (static HTML); origin direct; src: https://kjt.yn.gov.cn/html/xinwendongtai/tongzhigonggao/ -- Yunnan S&T Dept: 拟立项公示 notices confirmed active (Jun 2026 biomedicine notice visible); per-call HTML announcements with project titles and dates; attachments likely PDF/XLSX per standard provincial pattern; scrape feasible"
B_browser_or_pdf,“la Caixa” Foundation,4320312058,5466,5,403 WAF 5KB,https://caixaresearch.org/en/caixaresearch-health-call-results-2024,pdf;gapscan,,B_html_pdf_or_waf,"gap-scan 2026-06-04 (direct): 5,466 works; F-id F4320312058; ES; type 5 (static HTML); origin direct; src: https://caixaresearch.org/en/caixaresearch-health-call-results-2024 -- la Caixa Foundation Spain; CaixaResearch portal lists funded projects per call with recipient names and amounts; health call results 2023/2024 pages; RecerCaixa PDF lists also available"
B_browser_or_pdf,Natural Science Foundation of Ningxia Province,4320322877,5386,5,200 19KB,https://kjt.nx.gov.cn/kjdt/tzgg/,pdf;gapscan,,B_html_pdf_or_waf,"gap-scan deep-pass 2026-06-04 (direct): 5,386 works; F-id F4320322877; CN; type 5 (static HTML); origin direct; src: https://kjt.nx.gov.cn/kjdt/tzgg/ -- Ningxia NSF via kjt.nx.gov.cn: multiple 拟立项公示 notices confirmed for 2025 and 2026 (key R&D plan social development; central-guided fund); standard Chinese provincial pattern; per-notice PDF rosters; scrape feasible"
B_browser_or_pdf,American Society of Clinical Oncology (ASCO),4320308982,4857,,no_url,,,,B_unclassified,"DISCOVERED 2026-06-04 via ICMR/HMSC collaboration-list mining (appears as the funding/collaborating agency in HMSC-approved Indian international-collaboration health projects, 2017-2026; n = 2 such projects). F4320308982 (US, 4,857 works). ASCO/Conquer Cancer grants are published in an awards database. Good candidate."
B_browser_or_pdf,Science and Technology Department of Henan Province,4320327051,4468,5,403 1KB,https://kjt.henan.gov.cn/,pdf;gapscan,,B_html_pdf_or_waf,"gap-scan deep-pass 2026-06-04 (direct): 4,468 works; F-id F4320327051; CN; type 5 (static HTML); origin direct; src: https://kjt.henan.gov.cn/ -- Henan S&T Dept: 拟立项公示 notices confirmed for 2025 key R&D and NSF projects (Dec 2024); site returns 403 on direct fetch but search confirms active notice pattern at kjt.henan.gov.cn; standard provincial PDF rosters; scrape feasible"
B_browser_or_pdf,Fédération Wallonie-Bruxelles,4320321584,4394,5,200 213KB,https://www.frs-fnrs.be/en/results-previous-calls-proposals,pdf;gapscan,,B_html_pdf_or_waf,"gap-scan deep-pass 2026-06-04 (direct): 4,394 works; F-id F4320321584; BE; type 5 (static HTML); origin direct; src: https://www.frs-fnrs.be/en/results-previous-calls-proposals -- Federation Wallonie-Bruxelles via FRS-FNRS: results-previous-calls page confirmed with PDF lists 2015-2025; awardee names and project titles in PDFs; covers PDR/CDR/FRIA/FRESH/Télévie etc.; no CSV bulk download; static PDF per call; direct source confirmed"
B_browser_or_pdf,National Natural Science Foundation of China-Yunnan Joint Fund,4320335595,4251,6,200 1KB,https://kd.nsfc.cn/fundingProjectInit,browser;gapscan,,B_browser,"gap-scan deep-pass 2026-06-04 (direct): 4,251 works; F-id F4320335595; CN; type 6 (JS/browser); origin direct; src: https://kd.nsfc.cn/fundingProjectInit -- NSFC-Yunnan Joint Fund: kd.nsfc.cn portal confirmed as NSFC big-data knowledge portal; JS-heavy with captcha; LetPub English mirror also covers; filter by 联合基金+云南 needed; type 6 JS/agent-browser only"
B_browser_or_pdf,Junta de Comunidades de Castilla-La Mancha,4320327216,4209,1,200 80KB,https://datosabiertos.castillalamancha.es/dataset/base-de-datos-de-subvenciones-de-castilla-la-mancha,gapscan,,B_unclassified,"gap-scan 2026-06-04 (direct): 4,209 works; F-id F4320327216; ES; type 1 (CKAN/open-data API); origin direct; src: https://datosabiertos.castillalamancha.es/dataset/base-de-datos-de-subvenciones-de-castilla-la-mancha -- JCCM Datos Abiertos CLM subsidies database; all grants awarded since 2014 including research; CSV and XLS download; CKAN-based portal"
B_browser_or_pdf,U.S. President’s Emergency Plan for AIDS Relief,4320310979,3961,1,200 1KB,https://data.pepfar.gov/,gapscan,,B_unclassified,"gap-scan 2026-06-04 (direct): 3,961 works; F-id F4320310979; US; type 1 (CKAN/open-data API); origin direct; src: https://data.pepfar.gov/ -- PEPFAR Panorama Spotlight (data.pepfar.gov) provides public open-data on funding by mechanism; CC0 license; also amfAR COPs database copsdata.amfar.org"
B_browser_or_pdf,Bundesministerium für Wirtschaftliche Zusammenarbeit und Entwicklung,4320323883,3882,1,200 WAF 76KB,https://www.bmz.de/en/ministry/facts-figures/project-and-organisation-data,gapscan,,B_unclassified,"gap-scan 2026-06-04 (direct): 3,882 works; F-id F4320323883; DE; type 1 (CKAN/open-data API); origin direct; src: https://www.bmz.de/en/ministry/facts-figures/project-and-organisation-data -- BMZ Germany; IATI-compliant project+organisation data portal; transparency.bmz.de; also on IATI Registry and d-portal; machine-readable"
B_browser_or_pdf,Shota Rustaveli National Science Foundation,4320322898,3764,5,200 54KB,https://rustaveli.org.ge/eng/konkursebi-da-programebi,pdf;gapscan,,B_html_pdf_or_waf,"gap-scan 2026-06-04 (direct): 3,764 works; F-id F4320322898; GE; type 5 (static HTML); origin direct; src: https://rustaveli.org.ge/eng/konkursebi-da-programebi -- Shota Rustaveli NSF Georgia; calls and funded-project abstracts published on rustaveli.org.ge; PDF annex files with abstracts (e.g. /images/dafinansebuli proeqtebi/)"
B_browser_or_pdf,Israel Cancer Research Fund,4320306740,3759,5,404 209KB,https://www.icrfonline.org/current-grant-recipients/,pdf;gapscan,,B_html_pdf_or_waf,"gap-scan 2026-06-04 (direct): 3,759 works; F-id F4320306740; US; type 5 (static HTML); origin direct; src: https://www.icrfonline.org/current-grant-recipients/ -- Israel Cancer Research Fund; public list of current grant recipients at icrfonline.org/current-grant-recipients/ plus PDF grant lists back to 2004-05 funding cycle"
B_browser_or_pdf,"Korea Institute of Planning and Evaluation for Technology in Food, Agriculture, Forestry and Fisheries",4320322068,3744,6,200 8KB,https://ipet.kmac.co.kr/,browser;gapscan,,B_browser,"gap-scan 2026-06-04 (direct): 3,744 works; F-id F4320322068; KR; type 6 (JS/browser); origin direct; src: https://ipet.kmac.co.kr/ -- IPET outcomes portal (ipet.kmac.co.kr) lists funded R&D projects; likely JS-heavy; Korean language; separate OFRIS-equivalent for food/ag sector"
B_browser_or_pdf,Pennsylvania Department of Health,4320308109,3719,5,200 WAF 574KB,https://www.pa.gov/agencies/health/research/research/cure/grants,pdf;gapscan,,B_html_pdf_or_waf,"gap-scan 2026-06-04 (direct): 3,719 works; F-id F4320308109; US; type 5 (static HTML); origin direct; src: https://www.pa.gov/agencies/health/research/research/cure/grants -- PA Dept of Health CURE program lists awarded grants by state fiscal year on pa.gov; static HTML table; also annual CURE reports as PDF; direct and scrapeable"
B_browser_or_pdf,Mitsubishi Foundation,4320322616,3575,5,200 19KB,https://www.mitsubishi-zaidan.jp/support/list.html,pdf;gapscan,,B_html_pdf_or_waf,"gap-scan deep-pass 2026-06-04 (direct): 3,575 works; F-id F4320322616; JP; type 5 (static HTML); origin direct; src: https://www.mitsubishi-zaidan.jp/support/list.html -- Confirmed: annual PDF lists 2012-2025 at mitsubishi-zaidan.jp/support/list.html; 2025 natural science PDF verified with PI names (romanized+kanji) institution and grant amount for 55 recipients; humanities/welfare/cultural property also published annually"
B_browser_or_pdf,Korea Institute of Marine Science and Technology promotion,4320327222,3507,6,ERR ConnectionError,https://ofris.kimst.re.kr/,browser;gapscan,,B_browser,"gap-scan 2026-06-04 (direct): 3,507 works; F-id F4320327222; KR; type 6 (JS/browser); origin direct; src: https://ofris.kimst.re.kr/ -- KIMST Korea has OFRIS (해양수산R&D지식정보시스템) R&D information system; also kimst.re.kr R&D project pages; likely JS-heavy; Korean-language; direct source for marine S&T R&D"
B_browser_or_pdf,Suomen Lääketieteen Säätiö,4320310751,3477,5,200 81KB,https://laaketieteensaatio.fi/nimikkorahastot/myonnetyt-apurahat/,pdf;gapscan,,B_html_pdf_or_waf,"gap-scan deep-pass 2026-06-04 (direct): 3,477 works; F-id F4320310751; FI; type 5 (static HTML); origin direct; src: https://laaketieteensaatio.fi/nimikkorahastot/myonnetyt-apurahat/ -- Confirmed: annual PDF grant lists 2010-2025 plus 2024 data table at myonnetyt-apurahat; ~150 recipients/year; PI names in annual PDFs; direct download links present"
B_browser_or_pdf,Région Occitanie Pyrénées-Méditerranée,4320328356,3462,1,200 WAF 316KB,https://data.laregion.fr/explore/dataset/subventions-du-conseil-regional/,gapscan,,B_unclassified,"gap-scan 2026-06-04 (direct): 3,462 works; F-id F4320328356; FR; type 1 (CKAN/open-data API); origin direct; src: https://data.laregion.fr/explore/dataset/subventions-du-conseil-regional/ -- Occitanie open-data CKAN portal; CSV/JSON/API export of regional subsidies since 2018 ≥€23k; includes research grants among broader subsidy categories"
B_browser_or_pdf,Agenția Națională pentru Cercetare și Dezvoltare,4320319253,3454,5,200 111KB,https://ancd.gov.md/en/content/financed-programs-0,pdf;gapscan,,B_html_pdf_or_waf,"gap-scan deep-pass 2026-06-04 (direct): 3,454 works; F-id F4320319253; MD; type 5 (static HTML); origin direct; src: https://ancd.gov.md/en/content/financed-programs-0 -- Confirmed: ANCD Moldova page has downloadable PDF project lists for Young Researchers 2017-2019; additional funded program nav links (postdoctoral etc.) exist; PI names expected in PDFs per structured table"
B_browser_or_pdf,International Agency for Research on Cancer (IARC),4320310728,3378,,no_url,,,,B_unclassified,"DISCOVERED 2026-06-04 via ICMR/HMSC collaboration-list mining (appears as the funding/collaborating agency in HMSC-approved Indian international-collaboration health projects, 2017-2026; n = 5 such projects). F4320310728 (FR, 3,378 works). WHO cancer agency (OA display 'Centre International de Recherche sur le Cancer'). Candidate."
B_browser_or_pdf,Science Fund of the Republic of Serbia,4320329307,3295,5,200 66KB,http://fondzanauku.gov.rs,pdf;gapscan,,B_html_pdf_or_waf,"gap-scan deep-pass 2026-06-04 (direct): 3,295 works; F-id F4320329307; RS; type 5 (static HTML); origin direct; src: http://fondzanauku.gov.rs -- Confirmed: Science Fund Serbia publishes final ranking PDFs per program call; PROMIS-2023 PDF verified with PI names (Serbian Cyrillic) institutions project titles budgets in EUR/RSD; pattern across IDEAS/PROMIS/PRISMA programs; direct source"
B_browser_or_pdf,Environmental Restoration and Conservation Agency,4320315051,3286,5,200 67KB,https://www.erca.go.jp/suishinhi/seika/db/search.php,pdf;gapscan,,B_html_pdf_or_waf,"gap-scan deep-pass 2026-06-04 (direct): 3,286 works; F-id F4320315051; JP; type 5 (static HTML); origin direct; src: https://www.erca.go.jp/suishinhi/seika/db/search.php -- Confirmed: ERCA Japan environment research DB lists funded projects with PI names institutions research periods and project numbers; ~39 pages of results; PDF reports downloadable per project; searchable interface"
B_browser_or_pdf,Fondazione Italiana per la Ricerca sul Cancro,4320324143,3272,5,200 135KB,https://www.airc.it/fondazione/cosa-facciamo/cosa-finanziamo,pdf;gapscan,,B_html_pdf_or_waf,"gap-scan 2026-06-04 (direct): 3,272 works; F-id F4320324143; IT; type 5 (static HTML); origin direct; src: https://www.airc.it/fondazione/cosa-facciamo/cosa-finanziamo -- AIRC funds 779 projects (2026); direzionescientifica.airc.it lists peer review results PDF with researcher names; regional researcher lists on airc.it; scrapeable HTML pages"
B_browser_or_pdf,National Natural Science Foundation of China-Guangdong Joint Fund,4320336213,3264,5,200 30KB,https://gdstc.gd.gov.cn/zwgk_n/tzgg/,pdf;gapscan,,B_html_pdf_or_waf,"gap-scan deep-pass 2026-06-04 (direct): 3,264 works; F-id F4320336213; CN; type 5 (static HTML); origin direct; src: https://gdstc.gd.gov.cn/zwgk_n/tzgg/ -- gdstc.gd.gov.cn/zwgk_n/tzgg/ confirmed to post 拟立项公示 announcements (e.g. 2025 provincial-municipal joint fund notice 2026-05-14); each notice links to attachment file (PDF/XLSX) with project funding allocation table; PI-level roster confirmed model; URL is index page."
B_browser_or_pdf,Arthritis National Research Foundation,4320306227,2988,3,200 361KB,https://curearthritis.org/arthritis-research-scientists/,browser;gapscan,,B_browser,"gap-scan 2026-06-04 (direct): 2,988 works; F-id F4320306227; US; type 3 (search/index API); origin direct; src: https://curearthritis.org/arthritis-research-scientists/ -- ANRF has searchable database of 273+ funded researchers since 1970s; filterable by research area/institution/year; JS-driven interface on curearthritis.org"
B_browser_or_pdf,"Global Fund to Fight AIDS, Tuberculosis and Malaria",4320307851,2902,1,200 27KB,https://data-service.theglobalfund.org/,gapscan,,B_unclassified,"gap-scan 2026-06-04 (direct): 2,902 works; F-id F4320307851; CH; type 1 (CKAN/open-data API); origin direct; src: https://data-service.theglobalfund.org/ -- Global Fund has full data service API (v4) plus Data Explorer at data.theglobalfund.org; grants searchable by location/component/partner; bulk Excel/CSV downloads available; IATI XML feeds also published"
B_browser_or_pdf,Direktion für Entwicklung und Zusammenarbeit,4320332770,2884,1,404 6KB,https://iatiregistry.org/publisher/sdc_ch,gapscan,,B_unclassified,"gap-scan 2026-06-04 (direct): 2,884 works; F-id F4320332770; CH; type 1 (CKAN/open-data API); origin mixed; src: https://iatiregistry.org/publisher/sdc_ch -- SDC Switzerland publishes IATI data (4069 activities as of 2024) at iatiregistry.org; also searchable project DB on eda.admin.ch/deza covering SDC and SECO projects; opendata.swiss portal"
B_browser_or_pdf,Autism Speaks,4320306097,2874,3,200 0KB,https://www.autismspeaks.org/grants-search,browser;gapscan,,B_browser,"gap-scan 2026-06-04 (direct): 2,874 works; F-id F4320306097; US; type 3 (search/index API); origin direct; src: https://www.autismspeaks.org/grants-search -- Autism Speaks has searchable grants database at autismspeaks.org/grants-search; filterable by grant source/award type/year/country; 273 researchers funded; JS-driven search API (Drupal backend)"
B_browser_or_pdf,Biodiversa+,4320318789,2786,5,200 WAF 282KB,https://www.biodiversa.eu/research-funding/funded-projects/,pdf;gapscan,,B_html_pdf_or_waf,"gap-scan 2026-06-04 (direct): 2,786 works; F-id F4320318789; FR; type 5 (static HTML); origin direct; src: https://www.biodiversa.eu/research-funding/funded-projects/ -- Biodiversa+ lists funded projects by call (2008-2024); browsable HTML index with project pages; also bulk PDF available at biodiversa.eu/wp-content/uploads/2022/12/ouputs_funded-projects.pdf; no direct CSV export seen"
B_browser_or_pdf,Juho Vainion Säätiö,4320322305,2671,5,404 75KB,https://juhovainionsaatio.fi/en/grants/awarded-grants/,pdf;gapscan,,B_html_pdf_or_waf,"gap-scan 2026-06-04 (direct): 2,671 works; F-id F4320322305; FI; type 5 (static HTML); origin direct; src: https://juhovainionsaatio.fi/en/grants/awarded-grants/ -- Juho Vainio Foundation Finland; annual PDF list of awarded grants linked from website (Myonnetyt apurahat-YYYY_ENG.pdf); also HTML summary by discipline; fields: name/institution/research area/amount"
B_browser_or_pdf,American Thoracic Society,4320306606,2494,,no_url,,,,B_unclassified,"DISCOVERED 2026-06-04 via ICMR/HMSC collaboration-list mining (appears as the funding/collaborating agency in HMSC-approved Indian international-collaboration health projects, 2017-2026; n = 2 such projects). F4320306606 (US, 2,494 works). Society research-program awards. Candidate."
B_browser_or_pdf,Conseil Régional des Pays de la Loire,4320327974,2476,1,200 WAF 334KB,https://data.paysdelaloire.fr/explore/dataset/234400034_fluxinterventionsprod_pdl/,gapscan,,B_unclassified,"gap-scan 2026-06-04 (direct): 2,476 works; F-id F4320327974; FR; type 1 (CKAN/open-data API); origin direct; src: https://data.paysdelaloire.fr/explore/dataset/234400034_fluxinterventionsprod_pdl/ -- Open-data portal (OpenDataSoft/CKAN-like) hosts Interventions de la Région dataset with CSV/JSON/XLS exports and API; direct source gem"
B_browser_or_pdf,"Fondo Nacional de Desarrollo Científico, Tecnológico y de Innovación Tecnológica",4320335542,2218,1,ERR ConnectionError,https://datosabiertos.gob.pe/dataset/estadísticas-de-proyectos-de-investigación-científica-por-fuentes-de-financiamiento-de,gapscan,,B_unclassified,"gap-scan 2026-06-04 (direct): 2,218 works; F-id F4320335542; PE; type 1 (CKAN/open-data API); origin direct; src: https://datosabiertos.gob.pe/dataset/estadísticas-de-proyectos-de-investigación-científica-por-fuentes-de-financiamiento-de -- FONDECYT Peru project statistics available on Peru national open data platform (datosabiertos.gob.pe); also call results at prociencia.gob.pe with project lists"
B_browser_or_pdf,"Department of Agriculture, Food and the Marine, Ireland",4320320831,2193,1,200 17KB,https://opendata.agriculture.gov.ie/dataset/department-of-agriculture-food-and-the-marine-national-project-funding-awards,gapscan,,B_unclassified,"gap-scan 2026-06-04 (direct): 2,193 works; F-id F4320320831; IE; type 1 (CKAN/open-data API); origin direct; src: https://opendata.agriculture.gov.ie/dataset/department-of-agriculture-food-and-the-marine-national-project-funding-awards -- DAFM Ireland has CKAN open data portal (opendata.agriculture.gov.ie) with dedicated National Project Funding Awards dataset and International Project Funding Awards dataset; bulk download"
B_browser_or_pdf,Natural Science Foundation of Qinghai,4320335921,2111,5,200 86KB,http://kjt.qinghai.gov.cn/,pdf;gapscan,,B_html_pdf_or_waf,"gap-scan deep-pass 2026-06-04 (direct): 2,111 works; F-id F4320335921; CN; type 5 (static HTML); origin direct; src: http://kjt.qinghai.gov.cn/ -- Qinghai S&T dept confirmed 通知公告 with annual S&T plan project announcements (e.g. ""青海省二〇二六年第二批新开科技计划项目的公示""); 下载中心 (download center) exists; 立项公示 model consistent with other Chinese provincial funders; individual announcements likely contain PDF/XLSX rosters"
B_browser_or_pdf,Department of Education and Training,4320324764,2031,5,ERR ReadTimeout,https://www.dewr.gov.au/about-us/corporate-reporting/senate-order-listings/grants,pdf;gapscan,,B_html_pdf_or_waf,"gap-scan 2026-06-04 (direct): 2,031 works; F-id F4320324764; AU; type 5 (static HTML); origin direct; src: https://www.dewr.gov.au/about-us/corporate-reporting/senate-order-listings/grants -- Australian Dept of Education/Employment publishes Senate Order 13 grants lists (PDFs/HTML) on dewr.gov.au and education.gov.au; also aggregated at grantconnect.gov.au"
B_browser_or_pdf,Lastentautien Tutkimussäätiö,4320323406,2026,5,200 87KB,https://www.lastentautientutkimussaatio.fi/apurahat/myonnetyt-apurahat/,pdf;gapscan,,B_html_pdf_or_waf,"gap-scan 2026-06-04 (direct): 2,026 works; F-id F4320323406; FI; type 5 (static HTML); origin direct; src: https://www.lastentautientutkimussaatio.fi/apurahat/myonnetyt-apurahat/ -- Lastentautien Tutkimussäätiö (Finland pediatric research) publishes annual list of awarded grants as PDFs back to 2005 at /apurahat/myonnetyt-apurahat/"
B_browser_or_pdf,"Conseil Régional, Île-de-France",4320322263,1977,1,200 WAF 331KB,https://datailedefrance.opendatasoft.com/explore/dataset/aides-appels-a-projets/api/,gapscan,,B_unclassified,"gap-scan 2026-06-04 (direct): 1,977 works; F-id F4320322263; FR; type 1 (CKAN/open-data API); origin direct; src: https://datailedefrance.opendatasoft.com/explore/dataset/aides-appels-a-projets/api/ -- Île-de-France Region publishes open-data API of all regional aid programs and project calls at datailedefrance.opendatasoft.com; CKAN-style with downloadable datasets; also on data.gouv.fr"
B_browser_or_pdf,Rheumatology Research Foundation,4320308971,1969,5,200 45KB,https://www.rheumresearch.org/awards-grants,pdf;gapscan,,B_html_pdf_or_waf,"gap-scan 2026-06-04 (direct): 1,969 works; F-id F4320308971; US; type 5 (static HTML); origin direct; src: https://www.rheumresearch.org/awards-grants -- Rheumatology Research Foundation publishes annual award recipient PDFs and press releases at rheumresearch.org; 2024 round listed $12M across 135+ grants; HTML and PDF lists"
B_browser_or_pdf,"Innovation, Science and Economic Development Canada",4320312716,1955,1,200 172KB,https://search.open.canada.ca/grants/,gapscan,,B_unclassified,"gap-scan 2026-06-04 (direct): 1,955 works; F-id F4320312716; CA; type 1 (CKAN/open-data API); origin direct; src: https://search.open.canada.ca/grants/ -- ISED Canada grants and contributions are in Canada's Proactive Disclosure dataset on open.canada.ca (search.open.canada.ca/grants/); covers all federal departments including ISED; bulk CSV available"
B_browser_or_pdf,Fundación para el Fomento en Asturias de la Investigación Científica Aplicada y la Tecnología,4320325113,1907,5,200 27KB,https://ficyt.es/pcti/detalleconvplan.php,pdf;gapscan,,B_html_pdf_or_waf,"gap-scan deep-pass 2026-06-04 (direct): 1,907 works; F-id F4320325113; ES; type 5 (static HTML); origin direct; src: https://ficyt.es/pcti/detalleconvplan.php -- FICYT Asturias publishes Resolución de Concesión decrees per convocatoria with named awardees; BDNS aggregator (bdns.gob.es) also covers FICYT subsidies; no unified searchable DB but per-call PDFs available"
B_browser_or_pdf,Idea Wild,4320309547,1880,6,200 81KB,https://ideawild.org/record/,browser;gapscan,,B_browser,"gap-scan deep-pass 2026-06-04 (direct): 1,880 works; F-id F4320309547; US; type 6 (JS/browser); origin direct; src: https://ideawild.org/record/ -- Confirmed Airtable database of 7800+ past conservation projects in 140 countries accessible via ideawild.org/record/; searchable by country and project title; includes recipient names; JS/Airtable interface"
B_browser_or_pdf,Icelandic Centre for Research,4320321020,1877,6,404 0KB,https://sjodir.rannis.is/AllocatedFunds/all.php,browser;gapscan,,B_browser,"gap-scan deep-pass 2026-06-04 (direct): 1,877 works; F-id F4320321020; IS; type 6 (JS/browser); origin direct; src: https://sjodir.rannis.is/AllocatedFunds/all.php -- Rannis Iceland confirms comprehensive database of allocations with projects; organizations; grantees; funding years; accessible at sjodir.rannis.is (Icelandic only); redirected domain; contact rannis@rannis.is for English; JS interface"
B_browser_or_pdf,Turun Yliopistosäätiö,4320331826,1832,5,200 111KB,https://www.yliopistosaatio.fi/en/spring-2024-grants-awarded/,pdf;gapscan,,B_html_pdf_or_waf,"gap-scan 2026-06-04 (direct): 1,832 works; F-id F4320331826; FI; type 5 (static HTML); origin direct; src: https://www.yliopistosaatio.fi/en/spring-2024-grants-awarded/ -- Turku University Foundation posts bi-annual awarded grant lists (spring/autumn) with PDF files of recipients by category; static HTML with downloadable PDFs; good scrape target"
B_browser_or_pdf,Bureau of Ocean Energy Management,4320333318,1709,6,200 43KB,https://esp-boem.hub.arcgis.com/,browser;gapscan,,B_browser,"gap-scan 2026-06-04 (direct): 1,709 works; F-id F4320333318; US; type 6 (JS/browser); origin direct; src: https://esp-boem.hub.arcgis.com/ -- BOEM Environmental Studies Program Hub (ArcGIS) replaced old ESPIS; 2000+ completed studies searchable; also on GovInfo at govinfo.gov/collection/boem"
B_browser_or_pdf,Cure Alzheimer's Fund,4320309944,1699,6,200 129KB,https://curealz.org/the-research/research-funded-projects/,browser;gapscan,,B_browser,"gap-scan 2026-06-04 (direct): 1,699 works; F-id F4320309944; US; type 6 (JS/browser); origin direct; src: https://curealz.org/the-research/research-funded-projects/ -- JS-driven filterable database; 321 pages of projects; filter by researcher/year/focus area; no bulk download evident; direct source"
B_browser_or_pdf,Fondazione di Sardegna,4320315324,1690,5,200 21KB,https://www.fondazionedisardegna.it/contributi/esiti-bandi,pdf;gapscan,,B_html_pdf_or_waf,"gap-scan 2026-06-04 (direct): 1,690 works; F-id F4320315324; IT; type 5 (static HTML); origin direct; src: https://www.fondazionedisardegna.it/contributi/esiti-bandi -- Publishes annual grant results (esiti bandi) as PDF lists; 863 selected proposals in 2025 round; static HTML page with linked PDFs by year"
B_browser_or_pdf,Russell Sage Foundation,4320306201,1684,6,200 128KB,https://www.russellsage.org/research/grants,browser;gapscan,,B_browser,"gap-scan 2026-06-04 (direct): 1,684 works; F-id F4320306201; US; type 6 (JS/browser); origin direct; src: https://www.russellsage.org/research/grants -- JS-driven grants database; 2256 grants from 1994-2026; filter by discipline/priority/co-funder/year; sortable; no bulk download evident"
B_browser_or_pdf,Gates Cambridge Trust,4320323264,1670,6,200 122KB,https://www.gatescambridge.org/our-scholars/directory/,browser;gapscan,,B_browser,"gap-scan 2026-06-04 (direct): 1,670 works; F-id F4320323264; GB; type 6 (JS/browser); origin direct; src: https://www.gatescambridge.org/our-scholars/directory/ -- Gates Cambridge Trust; JS-driven scholar directory; 2242 scholars searchable by year/college/department/citizenship; no bulk download"
B_browser_or_pdf,Movember Foundation,4320310747,1667,6,200 195KB,https://us.movember.com/report-cards,browser;gapscan,,B_browser,"gap-scan 2026-06-04 (direct): 1,667 works; F-id F4320310747; AU; type 6 (JS/browser); origin direct; src: https://us.movember.com/report-cards -- Movember Foundation; JS-driven database of 1320+ funded programs across 20 countries; filter by category/country; shows amounts and descriptions; no bulk download"
B_browser_or_pdf,Gemeinsame Bundesausschuss,4320328691,1660,6,200 105KB,https://innovationsfonds.g-ba.de/projekte/,browser;gapscan,,B_browser,"gap-scan 2026-06-04 (direct): 1,660 works; F-id F4320328691; DE; type 6 (JS/browser); origin direct; src: https://innovationsfonds.g-ba.de/projekte/ -- G-BA Innovationsfonds; JS-driven project database; ~840 funded projects; filter by topic/target group/care sector/federal state; no explicit bulk download but systematically organized"
B_browser_or_pdf,Kidney Foundation of Canada,4320319947,1658,6,200 124KB,https://kidney.ca/en/research/supported-research/research-award-recipients,browser;gapscan,,B_browser,"gap-scan 2026-06-04 (direct): 1,658 works; F-id F4320319947; CA; type 6 (JS/browser); origin direct; src: https://kidney.ca/en/research/supported-research/research-award-recipients -- Kidney Foundation Canada; JS-driven award recipients database; filter by region/year; shows name, institution, funding period, amount; paginated 19+ pages"
B_browser_or_pdf,Royal Commission for the Exhibition of 1851,4320320247,1657,6,404 12KB,https://royalcommission1851.org/our-scholars/directory/,browser;pdf;gapscan,,B_browser,"gap-scan 2026-06-04 (direct): 1,657 works; F-id F4320320247; GB; type 6 (JS/browser); origin direct; src: https://royalcommission1851.org/our-scholars/directory/ -- Royal Commission 1851; public directory of ~900 scholars; JS-driven; alumni portal at rc1851.hivebrite.com; also yearbook PDFs on website for older cohorts"
B_browser_or_pdf,Swiss Cancer Research Foundation,4320327941,1594,5,200 34KB,https://www.cancerresearch.ch/our-commitment/we-fund-researchers/annual-lists-of-funded-projects/,pdf;gapscan,,B_html_pdf_or_waf,"gap-scan 2026-06-04 (direct): 1,594 works; F-id F4320327941; CH; type 5 (static HTML); origin direct; src: https://www.cancerresearch.ch/our-commitment/we-fund-researchers/annual-lists-of-funded-projects/ -- Swiss Cancer Research Foundation publishes annual lists of funded projects (PDFs) on cancerresearch.ch; PI names, institutions, project titles included"
B_browser_or_pdf,Toray Science Foundation,4320331739,1583,5,200 14KB,https://www.toray-sf.or.jp/grant/science/achievement.html,pdf;gapscan,,B_html_pdf_or_waf,"gap-scan 2026-06-04 (direct): 1,583 works; F-id F4320331739; JP; type 5 (static HTML); origin direct; src: https://www.toray-sf.or.jp/grant/science/achievement.html -- Toray Science Foundation lists grant recipients (受領者一覧) in Japanese on grant/science/achievement.html; annual PDF of grants also published; primarily Japanese-language"
B_browser_or_pdf,Institut Pasteur,4320322141,1561,,200 4KB,https://ror.org/0495fxg12,assessed,,B_unclassified,"ASSESSED 2026-06-03 (kyle funder-list review): F4320322141 (FR, ROR https://ror.org/0495fxg12, DOI 10.13039/501100003762, 1,561 works). **SKIPPED — not a grant funder** (research-performing institute, like CNRS/CNR/EMBL). Minor internal schemes (Pasteur Network PhD Grant, Calmette & Yersin postdoc, SPARK) announced as news, no machine-readable awardee list. Most ""Pasteur grants"" in the wild are ERC/external awards won by Pasteur staff."
B_browser_or_pdf,Motor Neurone Disease Association,4320320108,1494,5,403 WAF 5KB,https://www.mndassociation.org/research/our-research/research-we-fund,pdf;gapscan,,B_html_pdf_or_waf,"gap-scan 2026-06-04 (direct): 1,494 works; F-id F4320320108; GB; type 5 (static HTML); origin direct; src: https://www.mndassociation.org/research/our-research/research-we-fund -- MND Association has Research We Fund page listing 138 current grants (£26.9M portfolio); also annual PDF report; HTML-scrapable project list with PI and title"
B_browser_or_pdf,Rijksdienst voor Ondernemend Nederland,4320314237,1486,1,404 29KB,https://projects.rvo.nl/open-data/,gapscan,,B_unclassified,"gap-scan 2026-06-04 (direct): 1,486 works; F-id F4320314237; NL; type 1 (CKAN/open-data API); origin direct; src: https://projects.rvo.nl/open-data/ -- RVO (Netherlands Enterprise Agency) has open-data portal; projects.rvo.nl lists all subsidized projects with CSV/XML bulk download (80MB XML); CKAN-style open data; excellent direct source"
B_browser_or_pdf,Energiteknologisk udviklings- og demonstrationsprogram,4320331736,1471,5,200 WAF 4KB,https://eudp.dk/en/projektgalleri,pdf;gapscan,,B_html_pdf_or_waf,"gap-scan 2026-06-04 (direct): 1,471 works; F-id F4320331736; DK; type 5 (static HTML); origin direct; src: https://eudp.dk/en/projektgalleri -- EUDP Project Gallery lists 2000+ funded projects; also per-round PDF lists at eudp.dk; searchable HTML; some open data via DENP database"
B_browser_or_pdf,Thrasher Research Fund,4320308615,1387,,no_url,,,,B_unclassified,"DISCOVERED 2026-06-04 via ICMR/HMSC collaboration-list mining (appears as the funding/collaborating agency in HMSC-approved Indian international-collaboration health projects, 2017-2026; n = 9 such projects). F4320308615 (US, 1,387 works). US pediatric-health foundation. Candidate; check thrasherresearch.org for an open awardee list."
B_browser_or_pdf,OeAD-GmbH,4320323163,1282,6,200 358KB,https://oead.at/en/to-austria/alumni/oeadmap,browser;gapscan,,B_browser,"gap-scan 2026-06-04 (direct): 1,282 works; F-id F4320323163; AT; type 6 (JS/browser); origin direct; src: https://oead.at/en/to-austria/alumni/oeadmap -- OeAD (AT); oead.map at map.oead.at shows geo-mapped scholarship holders/alumni (opt-in); also grants.at DB for finding funding; direct source for alumni/awardees"
B_browser_or_pdf,"Conselleria d'Educació, Investigació, Cultura i Esport",4320335711,1239,1,ERR ConnectTimeout,https://pai.gva.es/es/consulta-concessions-subvencions-ajudes-registrades-bdns,gapscan,,B_unclassified,"gap-scan 2026-06-04 (direct): 1,239 works; F-id F4320335711; ES; type 1 (CKAN/open-data API); origin mixed; src: https://pai.gva.es/es/consulta-concessions-subvencions-ajudes-registrades-bdns -- Valencian Conselleria Educació Investigació; grants published to Spain BDNS (national subsidies database) via Generalitat Valenciana PAI portal; also award resolutions in DOGV; BDNS aggregator is primary bulk source"
B_browser_or_pdf,Conseil Régional de Bretagne,4320322747,1231,1,200 WAF 309KB,https://data.bretagne.bzh/explore/dataset/subventions_attribuees_scdl0/,gapscan,,B_unclassified,"gap-scan 2026-06-04 (direct): 1,231 works; F-id F4320322747; FR; type 1 (CKAN/open-data API); origin direct; src: https://data.bretagne.bzh/explore/dataset/subventions_attribuees_scdl0/ -- Conseil Régional Bretagne France; CKAN/Opendatasoft open data portal publishes ALL subsidies since 2014 with no minimum threshold at data.bretagne.bzh; SCDL standard; excellent direct open-data API source"
B_browser_or_pdf,Helse Nord RHF,4320324181,1217,5,200 43KB,https://www.helse-nord.no/nyheter/20252/disse-tildeles-forskningsmidler-for-2026/,pdf;gapscan,,B_html_pdf_or_waf,"gap-scan 2026-06-04 (direct): 1,217 works; F-id F4320324181; NO; type 5 (static HTML); origin direct; src: https://www.helse-nord.no/nyheter/20252/disse-tildeles-forskningsmidler-for-2026/ -- Static HTML annual award announcements with PDF tildelingsliste (award list) per year; ~122M NOK awarded 2026; multiple years archived at helse-nord.no"
B_browser_or_pdf,Västerbotten Läns Landsting,4320321615,1210,5,200 4KB,https://www.researchweb.org/is/rv,pdf;gapscan,,B_html_pdf_or_waf,"gap-scan deep-pass 2026-06-04 (direct): 1,210 works; F-id F4320321615; SE; type 5 (static HTML); origin direct; src: https://www.researchweb.org/is/rv -- Region Västerbotten uses Researchweb.org portal; confirmed Beviljade anslag (awarded grants) section with PDF document listing ALF/TUA grants for 2026; annual PDFs accessible without login at /is/rv/document/ paths"
B_browser_or_pdf,AGE-WELL,4320312535,1172,5,200 WAF 109KB,https://agewell-nce.ca/research/research-programs-and-projects,pdf;gapscan,,B_html_pdf_or_waf,"gap-scan 2026-06-04 (direct): 1,172 works; F-id F4320312535; CA; type 5 (static HTML); origin direct; src: https://agewell-nce.ca/research/research-programs-and-projects -- AGE-WELL NCE lists funded research programs with links to PDF lay summaries by year (2020; 2022; 2024 HARP); project titles and PI names in linked PDFs"
B_browser_or_pdf,Iwatani Naoji Foundation,4320324591,1147,6,200 0KB,https://pac.jfc.or.jp/iwatani2/achievements.html,browser;gapscan,,B_browser,"gap-scan 2026-06-04 (direct): 1,147 works; F-id F4320324591; JP; type 6 (JS/browser); origin direct; src: https://pac.jfc.or.jp/iwatani2/achievements.html -- Iwatani Naoji Foundation (JP) has a searchable achievements database at pac.jfc.or.jp/iwatani2/achievements.html covering research grants/prize recipients/scholarships searchable by year/keyword/recipient type; JS-rendered interface; no bulk download confirmed"
B_browser_or_pdf,National Collegiate Athletic Association,4320313720,1143,5,200 WAF 207KB,https://www.ncaa.org/sports/2014/7/23/ncaa-innovations-in-research-and-practice-grant-program.aspx,pdf;gapscan,,B_html_pdf_or_waf,"gap-scan deep-pass 2026-06-04 (direct): 1,143 works; F-id F4320313720; US; type 5 (static HTML); origin direct; src: https://www.ncaa.org/sports/2014/7/23/ncaa-innovations-in-research-and-practice-grant-program.aspx -- NCAA Innovations in Research and Practice grant program page confirmed: 2025 awardees PDF (3 teams) linked; program discontinued 2026; annual recipient PDFs available per round; static HTML with PDF attachments"
B_browser_or_pdf,Natural Science Foundation for Distinguished Young Scholars of Hunan Province,4320330215,1132,5,200 101KB,https://kjt.hunan.gov.cn/kjt/xxgk/tzgg/tzgg_1/index.html,pdf;gapscan,,B_html_pdf_or_waf,"gap-scan deep-pass 2026-06-04 (direct): 1,132 works; F-id F4320330215; CN; type 5 (static HTML); origin direct; src: https://kjt.hunan.gov.cn/kjt/xxgk/tzgg/tzgg_1/index.html -- Hunan S&T Dept notice board confirmed active with 拟立项公示 postings; 杰出青年 category appears in annual立项名单 notices on this board; PDF rosters linked from notices; HTML+PDF scrape feasible"
B_browser_or_pdf,Kato Memorial Bioscience Foundation,4320322319,1064,5,200 30KB,https://www.katokinen.or.jp/news/news_20240207_02.html,pdf;gapscan,,B_html_pdf_or_waf,"gap-scan deep-pass 2026-06-04 (direct): 1,064 works; F-id F4320322319; JP; type 5 (static HTML); origin direct; src: https://www.katokinen.or.jp/news/news_20240207_02.html -- Kato Memorial Bioscience Foundation confirmed: publishes annual recipient PDFs per grant round (e.g. 35th round PDF at wordpress/wp-content/uploads/2024/02/35gaku_jyoseisya.pdf); international exchange grant history PDF also available listing all recipients by round; PDF-per-year model confirmed"
B_browser_or_pdf,European Society of Intensive Care Medicine (ESICM),4320327892,1055,,no_url,,,,B_unclassified,"DISCOVERED 2026-06-04 via ICMR/HMSC collaboration-list mining (appears as the funding/collaborating agency in HMSC-approved Indian international-collaboration health projects, 2017-2026; n = 6 such projects). F4320327892 (BE, 1,055 works). Society research grants/awards. Candidate; verify open grantee list."
B_browser_or_pdf,Daiichi Sankyo Foundation of Life Science,4320323514,1043,5,200 25KB,https://www.ds-fdn.or.jp/,pdf;gapscan,,B_html_pdf_or_waf,"gap-scan deep-pass 2026-06-04 (direct): 1,043 works; F-id F4320323514; JP; type 5 (static HTML); origin direct; src: https://www.ds-fdn.or.jp/ -- Daiichi Sankyo Foundation confirmed: publishes annual recipient PDFs for research grants and prizes (2025 grant recipients PDF linked from homepage); separate PI-setup grant recipient PDFs also published; annual PDF-per-year model confirmed with individual names and project titles"
B_browser_or_pdf,Mohamed bin Zayed Species Conservation Fund,4320327193,1003,6,200 72KB,https://www.speciesconservation.org/our-impact/grant-explorer/,browser;gapscan,,B_browser,"gap-scan 2026-06-04 (direct): 1,003 works; F-id F4320327193; AE; type 6 (JS/browser); origin direct; src: https://www.speciesconservation.org/our-impact/grant-explorer/ -- Mohamed bin Zayed Species Conservation Fund UAE; Grant Explorer at speciesconservation.org is a JS-rendered filterable database of 3273 grants since 2009; filterable by species/year/country/status; no bulk download visible"
B_browser_or_pdf,International Society of Nephrology,4320311629,780,,no_url,,,,B_unclassified,"DISCOVERED 2026-06-04 via ICMR/HMSC collaboration-list mining (appears as the funding/collaborating agency in HMSC-approved Indian international-collaboration health projects, 2017-2026; n = 1 such project). F4320311629 (BE, 780 works). Society research/fellowship grants. Candidate; small."
B_browser_or_pdf,Drugs for Neglected Diseases initiative (DNDi),4320328261,669,,no_url,,,,B_unclassified,"DISCOVERED 2026-06-04 via ICMR/HMSC collaboration-list mining (appears as the funding/collaborating agency in HMSC-approved Indian international-collaboration health projects, 2017-2026; n = 5 such projects). F4320328261 (CH, 669 works). Global-health product-development partnership. Candidate; check dndi.org. — **OUTPUT-LIST candidate (2026-06-14):** dndi.org/scientific-articles/ is a clean, scrapeable, funder-asserted articles list. Good §11 OUTPUT-LIST fit. Queued after Hakai + SFARI."
B_browser_or_pdf,Jeffrey Modell Foundation,4320306433,595,,no_url,,,,B_unclassified,"DISCOVERED 2026-06-04 via ICMR/HMSC collaboration-list mining (appears as the funding/collaborating agency in HMSC-approved Indian international-collaboration health projects, 2017-2026; n = 2 such projects). F4320306433 (US, 595 works). Primary-immunodeficiency foundation. Candidate; small."
B_browser_or_pdf,World Diabetes Foundation,4320330132,349,,no_url,,,,B_unclassified,"DISCOVERED 2026-06-04 via ICMR/HMSC collaboration-list mining (appears as the funding/collaborating agency in HMSC-approved Indian international-collaboration health projects, 2017-2026; n = 1 such project). F4320330132 (DK, 349 works). Diabetes-focused funder; publishes projects. Candidate."
B_browser_or_pdf,International Society of Hypertension,4320312543,272,,no_url,,,,B_unclassified,"DISCOVERED 2026-06-04 via ICMR/HMSC collaboration-list mining (appears as the funding/collaborating agency in HMSC-approved Indian international-collaboration health projects, 2017-2026; n = 3 such projects). F4320312543 (GB, 272 works). Niche society grants. Candidate; small."
B_browser_or_pdf,Lions Clubs International Foundation,4320312649,272,,no_url,,,,B_unclassified,"DISCOVERED 2026-06-04 via ICMR/HMSC collaboration-list mining (appears as the funding/collaborating agency in HMSC-approved Indian international-collaboration health projects, 2017-2026; n = 2 such projects). F4320312649 (US, 272 works). Service-org grants; eyesight/health. Candidate; verify research-grant data."
B_browser_or_pdf,Medtronic Foundation,4320333935,210,,no_url,,,,B_unclassified,"DISCOVERED 2026-06-04 via ICMR/HMSC collaboration-list mining (appears as the funding/collaborating agency in HMSC-approved Indian international-collaboration health projects, 2017-2026; n = 2 such projects). F4320333935 (US, 210 works). Corporate foundation; small. Candidate."
B_browser_or_pdf,Foundation to Eradicate Duchenne,4320306700,77,,no_url,,,,B_unclassified,"DISCOVERED 2026-06-04 via ICMR/HMSC collaboration-list mining (appears as the funding/collaborating agency in HMSC-approved Indian international-collaboration health projects, 2017-2026; n = 1 such project). F4320306700 (US, 77 works). Small disease foundation. Candidate; low volume."
B_browser_or_pdf,UNITAID,8128777614,71,,no_url,,,,B_unclassified,"DISCOVERED 2026-06-04 via ICMR/HMSC collaboration-list mining (appears as the funding/collaborating agency in HMSC-approved Indian international-collaboration health projects, 2017-2026; n = 2 such projects). F8128777614 (CH, 71 works). Global-health funder. NOTE non-F4320 OpenAlex id (use Step-0 API path, not the Databricks funder dim). Candidate."
B_browser_or_pdf,Turing Award,4320315840,0,,no_url,,browser,,B_browser,"NEEDS BROWSER AUTOMATION 2026-05-15: amturing.acm.org (and 3 alternate ACM paths) all Cloudflare-protected with 403 + WAF challenge page. ACM Step 0 confirmed in OpenAlex (F4320315840). Methods 1-5 on the ingest ladder don't apply (ACM publishes award data as editorial content, not a data product). Method 6 (Playwright; ~250MB Chromium + rwj_to_s3.py-style scraper) escalation deferred pending priority reassessment — see Sloan/AHA/Lumina for the same pattern."
B_browser_or_pdf,Infosys Prize,4320322753,0,,no_url,,browser;pdf,,B_browser,"NEEDS BROWSER AUTOMATION 2026-05-20 (contractor): OpenAlex funder exists as Infosys Foundation (F4320322753, DOI 10.13039/501100007296), but the official Infosys Prize laureates page and related official paths (`/laureates.html`, sitemap, robots, PDF paths) return Akamai 403 Access Denied to plain script requests even with browser-like user agents. Do not build from Wikipedia/Wikidata; retry with Method 6 browser automation or direct official export."
B_browser_or_pdf,Mellon Foundation (grant database),4320306146,0,,no_url,,,,B_unclassified,"NEEDS API DISCOVERY 2026-05-22 (contractor): Andrew W. Mellon Foundation (F4320306146, US). 19,773 grants documented on mellon.org/grant-database. Site is Next.js App Router with RSC streaming — data embedded in React server-rendered tree, NOT as a clean JSON payload. The page renders 10 grants and uses XHR pagination, but I couldn't locate an obvious /api endpoint (probed /api/graphql, /api/grants, /api/search — all 404). Resolution paths: (a) browser-DevTools network-tab inspection during pagination to find the actual XHR URL, (b) Method 6 Playwright headless scrape, or (c) scrape 19,773 det"
B_browser_or_pdf,Qatar National Research Fund (QNRF),4320332753,0,,404 4KB,https://pub.qgrants.org/Awards`,,,B_unclassified,"NEEDS SOURCE CONFIRMATION 2026-05-20 (contractor): OpenAlex funder exists as Qatar National Research Fund (F4320332753, ROR 01svaqq28, DOI 10.13039/100008982), but the tracker's public awards URL `https://pub.qgrants.org/Awards` now returns Azure Application Gateway 404 (even with TLS verification disabled), and `https://www.qgrants.org/` is a login-only QGrants portal. Do not use aggregate Qatar/HBKU open-data tables; need a current official public awards export/API or admin-provided dump."
C_likely_blocked,Department of Biotechnology (India),4320320717,39260,,503 0KB,https://www.data.gov.in/catalog/list-ongoing-projects,blocked,,C_likely_blocked,"BLOCKED 2026-06-04 (data backend unreachable). Funder is OpenAlex F4320320717 (IN, ~39,260 works), Path A (F4320* — dim lookup must return 1 row). SERB-PRISM does NOT cover DBT (it is SERB/ANRF only) — do not use it. DBT project-level data DOES exist on India's Open Government Data platform: the ""DBT - Research and Development"" group, catalog ""List of Ongoing Projects"" (nid 88833, uuid d7105100-32cc-453c-851c-2ca654b75358, sector Biotechnology, field_group_name ""DBT - Research and Development"", last updated 13/01/2016) at https://www.data.gov.in/catalog/list-ongoing-projects and https://www.da"
C_likely_blocked,Innovative Research Group Project of the National Natural Science Foundation of China,4320315254,21281,6,200 1KB,https://kd.nsfc.cn/fundingProjectInit,browser;dup;gapscan,,C_likely_blocked,"gap-scan deep-pass 2026-06-04 (direct): 21,281 works; F-id F4320315254; CN; type 6 (JS/browser); origin direct; src: https://kd.nsfc.cn/fundingProjectInit -- NSFC Innovative Research Group sub-program covered by kd.nsfc.cn big-data platform; JS-heavy with certificate issues; LetPub English mirror provides searchable NSFC data; filter by 项目类别=创新研究群体; no clean bulk export; JS/agent browser required for direct site"
C_likely_blocked,KHIDI (Korea Health Industry Development Institute),4320322107,18889,,200 4KB,https://ror.org/00fdzyk40,blocked;assessed,,C_likely_blocked,"ASSESSED 2026-06-03 (kyle funder-list review): F4320322107 (KR, ROR https://ror.org/00fdzyk40, DOI 10.13039/501100003710, 18,889 works). **BLOCKED.** Runs Korea's Health Technology R&D; funded-project records flow into national NTIS (ntis.go.kr) and data.go.kr, plus KHIDI's Korean-only EPS portal (khidi.or.kr/eps). No clean KHIDI-scoped CSV/API; NTIS data is Korean-language-primary with registration/API-key gating (amounts present inside NTIS). Parallels the unresolved NRF-Korea / MSIT / NTIS pattern already in this tracker."
C_likely_blocked,Chinese Academy of Medical Sciences (CAMS),4320323137,14943,,200 4KB,https://ror.org/03cve4549,no_open_data;assessed,,C_likely_blocked,"ASSESSED 2026-06-03 (kyle funder-list review): F4320323137 (CN, ROR https://ror.org/03cve4549, DOI 10.13039/501100005150, 14,943 works). Related funders: CAMS Initiative for Innovative Medicine F4320336738, CAMS Cancer Institute & Hospital F4320334969, Fuwai Hospital F4320335721. **NO OPEN DATA FOUND.** Aggregate stats only (~1,706 national projects, ~¥2.3bn since 2018); no machine-readable project-level list. Same closed-portal pattern as NSFC/China rows."
C_likely_blocked,"A*STAR (Agency for Science, Technology and Research)",4320320696,14237,,200 4KB,https://ror.org/036wvzt09,no_open_data;pdf;assessed,,C_likely_blocked,"ASSESSED 2026-06-03 (kyle funder-list review): F4320320696 (SG, ROR https://ror.org/036wvzt09, DOI 10.13039/501100001348, 14,237 works). **NO OPEN DATA FOUND.** Funding pages (a-star.edu.sg/Research/funding-opportunities + closed-grant-calls) are scattered per-call HTML/PDF; active calls behind the iGrants login portal. No consolidated CSV/JSON/API of awarded projects, no amounts in a feed."
C_likely_blocked,Precursory Research for Embryonic Science and Technology,4320338111,14155,3,200 27KB,https://grants.jst.go.jp/,dup;gapscan,,C_likely_blocked,"gap-scan 2026-06-04 (direct): 14,155 works; F-id F4320338111; JP; type 3 (search/index API); origin direct; src: https://grants.jst.go.jp/ -- PRESTO is a JST Strategic Basic Research program; covered by JST GRANTS integrated project search DB (also KAKEN); searchable structured project records; strong target"
C_likely_blocked,South African Medical Research Council (SAMRC),4320320672,9934,,200 4KB,https://ror.org/05q60vz69,blocked;no_open_data;pdf;assessed,,C_likely_blocked,"ASSESSED 2026-06-03 (kyle funder-list review): F4320320672 (ZA, ROR https://ror.org/05q60vz69, DOI 10.13039/501100001322, 9,934 works). **NO OPEN DATA FOUND (borderline BLOCKED).** Funding pages (samrc.ac.za/funding) describe programmes (Self-Initiated Research ~45 awards/yr etc.); grant-holder lists sent privately to universities; publicly funded-research appears only in annual-report PDFs. No CSV/JSON/API; amounts only in PDFs. Distinct from South Africa NRF (separate Step 1 row)."
C_likely_blocked,Natural Science Foundation of Xinjiang Province,4320311028,5174,5,200 11KB,http://kjt.xinjiang.gov.cn/kjt/c100264/common_list.shtml,pdf;dup;gapscan,,C_likely_blocked,"gap-scan deep-pass 2026-06-04 (direct): 5,174 works; F-id F4320311028; CN; type 5 (static HTML); origin direct; src: http://kjt.xinjiang.gov.cn/kjt/c100264/common_list.shtml -- Xinjiang NSF via kjt.xinjiang.gov.cn: 通知通告 section confirmed active with 2026 notices; search confirms 立项公示 pattern with PDF attachments; standard provincial S&T dept pattern; scrape feasible; note duplicate with F4320328898"
C_likely_blocked,European Molecular Biology Laboratory (EMBL),4320314023,4229,,200 4KB,https://ror.org/050589e39,no_open_data;assessed,,C_likely_blocked,"ASSESSED 2026-06-03 (kyle funder-list review): F4320314023 (DE, ROR https://ror.org/050589e39, DOI 10.13039/100013060, 4,229 works; also EMBL Australia F4320316382). **SKIPPED — not a grant funder** (research-performing org). Closest to awards are internal MSCA-COFUND-cofunded postdoc fellowships (EIPOD4/EIPOD-LinC) with no public awardee list; those grant agreements appear in CORDIS at programme level, not as EMBL-awarded grants."
C_likely_blocked,Natural Science Foundation of Xinjiang,4320328898,4193,5,200 11KB,http://kjt.xinjiang.gov.cn/kjt/c100264/common_list.shtml,pdf;dup;gapscan,,C_likely_blocked,"gap-scan deep-pass 2026-06-04 (direct): 4,193 works; F-id F4320328898; CN; type 5 (static HTML); origin direct; src: http://kjt.xinjiang.gov.cn/kjt/c100264/common_list.shtml -- Xinjiang NSF (duplicate of F4320311028): same source confirmed at kjt.xinjiang.gov.cn 通知通告; 立项公示 pattern with PDF attachments; scrape feasible; note duplicate with F4320311028"
C_likely_blocked,Natural Science Foundation of Guangxi Zhuang Autonomous Region,4320313613,4120,5,200 23KB,http://kjt.gxzf.gov.cn/zwfw/bsxx/xmlxgg/,pdf;dup;gapscan,,C_likely_blocked,"gap-scan deep-pass 2026-06-04 (direct): 4,120 works; F-id F4320313613; CN; type 5 (static HTML); origin direct; src: http://kjt.gxzf.gov.cn/zwfw/bsxx/xmlxgg/ -- Guangxi NSF via kjt.gxzf.gov.cn: 项目立项公告 section confirmed at kjt.gxzf.gov.cn/zwfw/bsxx/xmlxgg/; 2026 batches confirmed (2456 projects batch 1; 130 projects batch 4; 38 projects batch 5); PDF rosters per batch; scrape feasible; note duplicate with F4320322768"
C_likely_blocked,Simons Foundation,,2288,,no_url,,no_open_data;browser,,C_likely_blocked,"NEEDS BROWSER AUTOMATION 2026-05-04: grants page uses DataTables but admin-ajax actions all return 400 to guessed names; no public WP REST or REST-style endpoint discovered. Sitemap lists only 6 program-level URLs. Path: agent-browser scrape of grant detail pages. — **OUTPUT-LIST candidate (2026-06-14):** grant data unscrapeable, BUT SFARI publishes a funder-asserted publications DB (sfari.org/research/funded-publications/, ~2,288 works, exportable). Ingest via §11 OUTPUT-LIST → `work.funders`. Confirm funder_id maps SFARI→Simons Foundation at Step 0. Queued after Hakai pilot."
C_likely_blocked,Armasuisse,,0,,200 557KB,https://docs.google.com/spreadsheets/d/1FH7sLNJGV8Jp988INbrQXCQO7JpYRPhgFE0yawWWjL4/edit?usp=sharing,blocked;not_in_oa,,C_likely_blocked,BLOCKED: Funder not in OpenAlex. Swiss defense research funding. ~43k grants. Data source: https://docs.google.com/spreadsheets/d/1FH7sLNJGV8Jp988INbrQXCQO7JpYRPhgFE0yawWWjL4/edit?usp=sharing
C_likely_blocked,American Cancer Society,,0,,200 41KB,https://proposalcentral.com/Insights/%5FYrlp59zpbg%3D/Public/Index,blocked;no_open_data,,C_likely_blocked,BLOCKED: No public API or data download. Data only via ProposalCentral web interface; API requires Altum vendor credentials. Search URL: https://proposalcentral.com/Insights/%5FYrlp59zpbg%3D/Public/Index
C_likely_blocked,Institut National de la Santé et de la Recherche Médicale (INSERM),,0,,no_url,,blocked,,C_likely_blocked,"BLOCKED: No comprehensive grants database. INSERM is a research organization employing researchers in ~300 units, not a grant-giving funder. ATIP-Avenir fellowship program is small (~40-60/year since 2008) with no bulk data export."
C_likely_blocked,Research Council of Denmark,,0,,no_url,,blocked,,C_likely_blocked,BLOCKED: See Independent Research Fund Denmark - these are the same organization (rebranded in 2014).
C_likely_blocked,"Ministero dell'Istruzione, dell'Università e della Ricerca",,0,,no_url,,blocked,,C_likely_blocked,BLOCKED: Italian government funder. OpenCoesione portal (opencoesione.gov.it) geo-blocks non-Italian IPs. May need Italian proxy to access API/data.
C_likely_blocked,Natural Science Foundation of Jiangsu Province,4320322005,0,,no_url,,blocked;no_open_data,,C_likely_blocked,**[S7 W2-pilot 2026-07-12]** BLOCKED: no public funded-project rosters. kxjst.jiangsu.gov.cn col82540 carries only guidance/application notices; since ~2024 the 拟立项公示 rosters live on the jsszkj.kxjst.jiangsu.gov.cn 江苏数字科技 SPA whose project-query API is auth-gated (401 → SSO); publicity iframe covers achievement registrations only; no Wayback copies. Needs authenticated access or a publishing-practice change. **F-ID CORRECTION: tracker previously implied F4320322005 — that is the Korean Ministry of Security and Public Administration. Real Jiangsu NSF = F4320322769** (documented stub config in c
C_likely_blocked,CNPq (Conselho Nacional de Desenvolvimento Científico e Tecnológico),,0,,no_url,,blocked,,C_likely_blocked,"BLOCKED FROM OUTSIDE BRAZIL 2026-05-04: dados-abertos page has zero direct data files — the listed paths (Bolsas, Mapa de Fomento) are content sections, not downloads. Mapa de Fomento is a Power BI dashboard (no export). Historical data hosts (memoria2.cnpq.br, lattes.cnpq.br, efomento.cnpq.br, centrodememoria.cnpq.br) all SSL-fail or are unreachable from non-Brazilian IPs. Path forward: in-country probe, Brazilian VPN, or direct outreach to CNPq for a dump."
C_likely_blocked,Knight Foundation,4320308835,0,,no_url,,blocked;browser;pdf,,C_likely_blocked,"BLOCKED 2026-05-27 (contractor): John S. and James L. Knight Foundation (F4320308835, US, 800 OpenAlex works). knightfoundation.org/grants/ returns HTTP 200 with a Browse-Grants page text that explicitly says ""For a complete listing of our grants please see our 990's here"" — i.e. the foundation publishes grant data ONLY via IRS Form 990 tax filings (PDF). WP REST is exposed on the site but has no `grant` custom post type (only `article`/`event`/`community`/`team`). No structured grants directory, no embedded JSON, no API endpoint. Future ingest path: parse the foundation's published 990-PF PDF"
C_likely_blocked,Science for Africa Foundation (SFA),139382669,0,,200 4KB,https://ror.org/010cbts85,no_open_data;assessed,,C_likely_blocked,"ASSESSED 2026-06-03 (kyle funder-list review): F139382669 (KE, ROR https://ror.org/010cbts85, DOI 10.13039/100031746). **NO OPEN DATA FOUND.** Successor to AESA/AAS programmes (DELTAS Africa, Grand Challenges Africa). Programme pages are narrative; grants system ""Agaseke"" (agaseke.scienceforafrica.foundation) is a login-gated grants-management portal, not an open download; ARISE did not surface an open grantee export. NOTE: OpenAlex funder works_count is only 61 — heavy under-linkage, worth a separate acknowledgement-matching look (Tier 0 ROR-curation candidate)."
C_likely_blocked,Department of Science and Technology of Sichuan Province,,0,,no_url,,blocked;pdf,,C_likely_blocked,"**[S7 W1-B 2026-07-12: lock released]** BLOCKED/infeasible: kjt.sc.gov.cn 立项 lists are 拟立项 publicity pages DELETED after the ~10-day comment window; live notice HTML 404s, attachment PDFs 404 even on the sole Wayback shell snapshot; CDX sweep of kjt.sc.gov.cn/kjt/notice/* finds zero archived 立项 files. No bulk file, no persistent per-project pages. Reserved prio 411 left unused. Revisit only if the province starts publishing persistent annual files, or via China-IP capture inside the open window (NSFC contractor model)."
C_likely_blocked,Government of Jiangsu Province,,0,,no_url,,blocked;gapscan,,C_likely_blocked,"**[S7 W2-pilot 2026-07-12]** BLOCKED: same notice channel as the Jiangsu NSF row (kxjst.jiangsu.gov.cn col82540) — probed during the W2 pilot; only guidance/management notices, no funded-project rosters; project data sits behind the auth-gated jsszkj 江苏数字科技 SPA. Any Jiangsu ingest needs authenticated export access. gap-scan type-5 assessment superseded by this direct probe."
C_likely_blocked,Basic and Applied Basic Research Foundation of Guangdong Province,,0,,no_url,,blocked;pdf,,C_likely_blocked,**[S7 W2-A 2026-07-12: lock released]** BLOCKED/infeasible: 联合基金 per-project rosters on gdstc.gd.gov.cn are deleted after 公示期 and Wayback CDX has only 1 of ~11 joint-fund editions; the PDFs that persist live (拟安排资金) are institution/program-level aggregates with no per-project PI — cannot populate the awards schema. Reserved prio 447 left unused. Revisit via open-window capture (same model as Guangdong NSF refresh note).
C_likely_blocked,Natural Science Foundation of Beijing Municipality,,0,,no_url,,blocked,,C_likely_blocked,**[S7 W2-A 2026-07-12: lock released]** BLOCKED: kw.beijing.gov.cn 拟资助 notices carry only a .docx containing a login URL (bjt.beijing.gov.cn/renzheng SSO → nsf.kw.beijing.gov.cn); 资助决定 notices direct to the 依托单位工作系统. Rosters entirely behind provincial SSO. Reserved prio 455 left unused.
C_likely_blocked,Natural Science Foundation of Hebei Province,,0,,no_url,,blocked,,C_likely_blocked,**[S7 W2-A 2026-07-12: lock released]** BLOCKED: kjt.hebei.gov.cn 拟立项公示 notices reference roster .doc/.docx files as plain text with NO href/discoverable URL; recent 评审结果 notices direct to the hebkjt.cn platform (SSO). Reserved prio 457 left unused.
C_likely_blocked,Natural Science Foundation of Hubei Province,,0,,no_url,,blocked,,C_likely_blocked,**[S7 W2-A 2026-07-12: lock released]** BLOCKED: kjt.hubei.gov.cn publishes only 申报/指南 (application/guidance) notices for the NSF — no 立项/拟立项 rosters at all; the project system redirects to /egrantweb (login). Reserved prio 459 left unused.
C_likely_blocked,Natural Science Foundation of Anhui Province,,0,,no_url,,blocked;browser,,C_likely_blocked,"**[S7 W2-B 2026-07-12: lock released]** BLOCKED: kjt.ah.gov.cn sits behind Knownsec 创宇盾 WAF with an explicit IP-region block (您的IP所在区域不允许访问此网站 from NA IPs, browser + curl, HTTP+HTTPS); rosters exist (2022/2023/2025 拟立项公示 confirmed) but Wayback has ZERO snapshots (WAF blocks IA crawlers too). Same class as data.gov.in. Needs CN-region fetch (contractor). Reserved prio 461 unused."
C_likely_blocked,Natural Science Foundation of Tianjin City,,0,,no_url,,blocked,,C_likely_blocked,"**[S7 W2-B 2026-07-12: lock released]** BLOCKED from US IPs (kxjs.tj.gov.cn hard-403s, 13-byte empty page, browser included) AND Tianjin expires its 公示 pages (column shows 已过期). Wayback holds the 项目立项 column (BSFW9672/XMGL4742/XMLX1772, archived 2026-01) but per-article/attachment coverage unverified. FOLLOW-UP CANDIDATE: liaoning_nsf-style Wayback-CDX config. Reserved prio 463 unused."
C_likely_blocked,Natural Science Foundation of Shaanxi Province,,0,,no_url,,blocked,,C_likely_blocked,"**[S7 W2-B 2026-07-12: lock released]** BLOCKED: full sweep of kjt.shaanxi.gov.cn 通知公告 (1,000 notices 2021-10→2026-07) contains ZERO 自然科学基础研究计划 立项/拟立项 rosters — only 申报/答辩/指南; 结果公示 columns carry lab-animal licences etc. 拟立项 goes to applicants inside the SSO 陕西省科技业务综合服务信息系统 (ywgl.sstrc.com/egrantweb; public 立项情况 tab is an empty ajax stub). Reserved prio 467 unused."
C_likely_blocked,Natural Science Foundation of Henan Province,,0,,no_url,,blocked,,C_likely_blocked,"**[S7 W2-B 2026-07-12: lock released]** BLOCKED from US IPs (kjt.henan.gov.cn edge 403, browser included). Rosters exist (2025 拟立项支持项目公示 = 1,818 projects, 2025-01-24; aggregator mirrors keceyun/kjzch NOT used per direct-source preference) and Wayback holds a Jan-2025 crawl of article pages. FOLLOW-UP CANDIDATE: liaoning_nsf-style Wayback-CDX config. Reserved prio 473 unused."
C_likely_blocked,Natural Science Foundation of Sichuan Province,,0,,no_url,,blocked,,C_likely_blocked,**[S7 W1-B 2026-07-12: lock released]** BLOCKED/infeasible: same portal and same purge behaviour as the Department of Science and Technology of Sichuan Province row (shared kjt.sc.gov.cn publicity channel — see that row for full probe evidence). Reserved prio 443 left unused. Same revisit conditions.
C_likely_blocked,Key Research and Development Projects of Shaanxi Province,,0,,no_url,,blocked,,C_likely_blocked,**[S7 W2-B 2026-07-12: lock released]** BLOCKED: same portal and probe as the Natural Science Foundation of Shaanxi Province row — no 省重点研发计划 rosters in the public notice columns; SSO-gated in egrantweb. Reserved prio 469 unused.
C_likely_blocked,UK Research and Innovation (UKRI),,0,,no_url,,,,C_no_fid,"SKIPPED: No separate data source. Research council grants already in GTR. Cross-council programs (FLF, SPF, ISCF) are in GTR raw data but attributed to councils. Note: ~6,600 UKRI-branded projects exist in gtr_projects_raw but processing them is a GTR improvement, not a new funder source."
C_likely_blocked,Centre National de la Recherche Scientifique (CNRS),,0,,no_url,,,,C_no_fid,SKIPPED: Not a funder - CNRS employs researchers directly. Funding comes from ANR/ERC (already Complete). Does not issue external grants.
C_likely_blocked,Consiglio Nazionale delle Ricerche,,0,,no_url,,,,C_no_fid,"SKIPPED: Not a grant-giving funder - CNR employs researchers directly (like CNRS). ~88 internal research ""projects"" are department themes, not grants. SPARQL endpoint at data.cnr.it not API-accessible."
C_likely_blocked,National Key R&D Program of China,,0,,no_url,,,,C_no_fid,URL DISCOVERED 2026-05-04: service.most.gov.cn (MOST/MOSTeT) — 404 from current path; needs Chinese-language path discovery.
C_likely_blocked,Chinese Academy of Sciences,,0,,no_url,,,,C_no_fid,"english.cas.cn responsive — but CAS is a research org employing scientists, not a grant-giving body (analogous to CNRS/CNR which are SKIPPED). Internal grants exist but not as a discrete external funder."
C_likely_blocked,China Postdoctoral Science Foundation,,0,,no_url,,,,C_no_fid,URL DISCOVERED 2026-05-04: jj.chinapostdoctor.org.cn responsive. Chinese-only; no obvious bulk export.
C_likely_blocked,NEDO (New Energy and Industrial Technology Development Organization),,0,,200 10KB,https://www.nedo.go.jp/english/activities/surveys.html,,,C_no_fid,"Japanese government R&D funder. Data source: https://www.nedo.go.jp/english/activities/surveys.html — covers energy, industrial technology, and moonshot R&D programs"
C_likely_blocked,National Research Foundation of Korea,,0,,no_url,,,,C_no_fid,"URL DISCOVERED 2026-05-04: nrf.re.kr/eng/ returns 404; main site likely changed paths. NRF-Korea operates a ""Bizinfo"" portal but URL needs re-discovery."
C_likely_blocked,Ministry of Science and ICT (South Korea),,0,,no_url,,,,C_no_fid,msit.go.kr/eng/index.do — connection reset (likely region-restricted from outside KR or anti-bot). Korean researchers use NTIS portal (ntis.go.kr) which aggregates national research projects; worth investigating.
C_likely_blocked,Department of Science and Technology (India),,0,,no_url,,,,C_no_fid,"URL DISCOVERED 2026-05-04: onlinedst.gov.in (online application portal, no bulk export); dst.gov.in/scientific-programmes (program list). DST projects partly aggregated in SERB-PRISM (separate row)."
C_likely_blocked,Council of Scientific & Industrial Research (India),,0,,no_url,,,,C_no_fid,URL DISCOVERED 2026-05-04: csir.res.in responsive; csirhrdg.res.in for HRDG fellowships. Project-level data not exposed publicly.
C_likely_blocked,Chan Zuckerberg Initiative,,0,,no_url,,browser,,C_no_fid,NEEDS BROWSER AUTOMATION 2026-05-04: chanzuckerberg.com is a Webflow JS SPA. Sitemap has 3 award announcement posts (newsroom). CZI doesn't publish individual grant data on their public site — the data exists in their internal CRM. May need direct outreach.
C_likely_blocked,American Heart Association,,0,,no_url,,browser,,C_no_fid,NEEDS BROWSER AUTOMATION 2026-05-04: professional.heart.org/en/research-programs/awardee-search uses DataTables. Sitemap has 291 grant-like URLs but mostly meta pages. Awardee list available via search portal — needs agent-browser scrape with pagination clicks.
C_likely_blocked,Burroughs Wellcome Fund,,0,,no_url,,,,C_no_fid,PARTIAL DATA AVAILABLE 2026-05-04: bwfund.org has /awardee-profiles/{year-name}/ pages but sitemap exposes only 10 of these (~50-200/year × multiple programs likely exist). DataTables on awardee-search page. Path: agent-browser scrape of search results + each profile page.
C_likely_blocked,Paul G. Allen Frontiers Group,,0,,no_url,,browser,,C_no_fid,"NEEDS BROWSER AUTOMATION 2026-05-04: alleninstitute.org/division/frontiers/ has 1420 sitemap entries (mostly Allen Institute content, not Frontiers grants specifically). Frontiers Group funds ~5-10 awards/yr; small enough to scrape award announcement pages."
C_likely_blocked,Ford Foundation,,0,,no_url,,browser,,C_no_fid,"NEEDS BROWSER AUTOMATION 2026-05-04: fordfoundation.org WP REST is auth-walled (401). Sitemap has 22 entries, no individual grant pages. Their /work/our-grants/ page is JS-rendered. Direct outreach may be faster than scraping."
C_likely_blocked,Shaw Prize,,0,,no_url,,,,C_no_fid,"Research prize - Science, annual, $1.2M. Asia-based"
C_likely_blocked,National Research Fund (Kenya),,0,,200 WAF 472KB,https://repository.nrf.go.ke/,,,C_no_fid,"Kenyan research funder. 1,816+ projects. Data sources: https://repository.nrf.go.ke/ and https://researchfund.go.ke/funded-projects/"
C_likely_blocked,TETFund (Nigeria),,0,,404 6KB,https://tetfund.gov.ng/index.php/beneficiaries-portal/,,,C_no_fid,Nigerian tertiary education funder. Data sources: https://tetfund.gov.ng/index.php/beneficiaries-portal/ and https://beneficiary.tetfund.gov.ng/
C_likely_blocked,SERB (India),,0,,ERR ConnectTimeout,https://prism.serbonline.in/,,,C_no_fid,Indian research board. SERB-PRISM searchable repository. Data source: https://prism.serbonline.in/ (all SERB-funded projects with outcomes)
C_likely_blocked,MyGRANTS/MOHE (Malaysia),,0,,ERR ConnectionError,https://mygrants.gov.my/,,,C_no_fid,"Malaysian grant management system (FRGS, PRGS, LRGS). Data sources: https://mygrants.gov.my/ and https://www.mohe.gov.my/en/services/research/mygrants"
C_likely_blocked,SENESCYT (Ecuador),,0,,no_url,,,,C_no_fid,Ecuadorian higher education/science secretariat. Innovation programs with public data
C_likely_blocked,MICITT (Costa Rica),,0,,no_url,,,,C_no_fid,Costa Rican science/technology ministry. Research programs
C_likely_blocked,FAPERJ (Brazil),,0,,no_url,,,,C_no_fid,URL DISCOVERED 2026-05-04: faperj.br responsive; app.faperj.br/v3 (the project search SPA) unreachable from outside. Likely needs in-country probe or proxy.
C_likely_blocked,UNCST (Uganda),,0,,no_url,,,,C_no_fid,Uganda National Council for Science and Technology. Sectoral research programs
C_likely_blocked,BRIN (Indonesia),,0,,no_url,,,,C_no_fid,Indonesian National Research and Innovation Agency. Research programs
C_likely_blocked,Nepal Academy of Science and Technology,,0,,no_url,,,,C_no_fid,Nepali research organization. Grant program listings
C_likely_blocked,VA (Department of Veterans Affairs),,0,,no_url,,usaspending,,C_no_fid,"2026-05-05 (kyle): Added per US federal funder expansion via USAspending. Toptier. VA research is mostly internal-employee (BLR&D, CSR&D); external grants via USAspending fallback. See oxjobs #164 + #165."
C_likely_blocked,DOT (Department of Transportation),,0,,no_url,,usaspending,,C_no_fid,"2026-05-05 (kyle): Added per US federal funder expansion via USAspending. Toptier. Research arms scattered (FHWA, FRA, FAA, FTA); USAspending fallback may need PSC/CFDA filtering to isolate research from infrastructure spending. See oxjobs #164 + #165."
C_likely_blocked,Foundation for Innovative New Diagnostics (FIND),,0,,no_url,,,,C_no_fid,"DISCOVERED 2026-06-04 via ICMR/HMSC collaboration-list mining (appears as the funding/collaborating agency in HMSC-approved Indian international-collaboration health projects, 2017-2026; n = ~10 such projects). Major Geneva global-health diagnostics funder. **VERIFY OpenAlex record first** — funders API search returned no clean match (may be under a variant name / 'FIND'). If it exists in OpenAlex, strong candidate. — **OUTPUT-LIST: marginal → EXCLUDED (2026-06-14):** finddx.org publications page is a blended feed (articles + statements + reports). Per the §11 confidence policy, marginal/ambig"
C_likely_blocked,U.S. Department of Education,,0,,no_url,,,,C_no_fid,"Added 2026-06-10 from the IAMHRF (International Alliance of Mental Health Research Funders) expanded (n344) funder list. Country: United States; type: Government/public. Research arm IES already Complete; this row covers non-IES ED programs (e.g., OSEP, FIPSE)."
C_likely_blocked,Center for Neuroscience and Regenerative Medicine (CNRM),,0,,no_url,,,,C_no_fid,"Added 2026-06-10 from the IAMHRF (International Alliance of Mental Health Research Funders) expanded (n344) funder list. Country: United States; type: Government/public. DoD (USUHS)-NIH partnership program — may be SKIP (program, not a discrete external funder)."
C_likely_blocked,Toyota Foundation,,0,,no_url,,,,C_no_fid,Added 2026-06-10 from the IAMHRF (International Alliance of Mental Health Research Funders) expanded (n344) funder list. Country: Japan; type: Philanthropy.
C_likely_blocked,"Department of Industry, Innovation and Science (Australia)",,0,,no_url,,,,C_no_fid,Added 2026-06-10 from the IAMHRF (International Alliance of Mental Health Research Funders) expanded (n344) funder list. Country: Australia; type: Government/public.
C_likely_blocked,"Department of Infrastructure, Regional Development and Cities (Australia)",,0,,no_url,,,,C_no_fid,Added 2026-06-10 from the IAMHRF (International Alliance of Mental Health Research Funders) expanded (n344) funder list. Country: Australia; type: Government/public.
C_likely_blocked,U.S. Department of Homeland Security,,0,,no_url,,usaspending,,C_no_fid,Added 2026-06-10 from the IAMHRF (International Alliance of Mental Health Research Funders) expanded (n344) funder list. Country: United States; type: Government/public. USAspending pattern like DoD/DOE/NASA.
C_likely_blocked,Department of the Environment and Energy (Australia),,0,,no_url,,,,C_no_fid,Added 2026-06-10 from the IAMHRF (International Alliance of Mental Health Research Funders) expanded (n344) funder list. Country: Australia; type: Government/public.
C_likely_blocked,"National Institute on Disability, Independent Living, and Rehabilitation Research (NIDILRR)",,0,,no_url,,,,C_no_fid,Added 2026-06-10 from the IAMHRF (International Alliance of Mental Health Research Funders) expanded (n344) funder list. Country: United States; type: Government/public. Within ACL/HHS — not an NIH institute despite the name.
C_likely_blocked,Council for International Exchange of Scholars (CIES / Fulbright Scholar Program),,0,,no_url,,,,C_no_fid,Added 2026-06-10 from the IAMHRF (International Alliance of Mental Health Research Funders) expanded (n344) funder list. Country: United States; type: Government/public. Administers Fulbright Scholar awards; distinct from US-UK Fulbright Commission row.
X_already_covered,"European Commission / EU (Horizon, FP, MSCA, ERC umbrella)",4320320300,761915,,no_url,,,in_registry | other_row:Complete:European Commission;Step 8:Fundação para a Ciência e a Tecnologia (,B_unclassified,"DISCOVERED 2026-06-04 via ICMR/HMSC collaboration-list mining (appears as the funding/collaborating agency in HMSC-approved Indian international-collaboration health projects, 2017-2026; n = number of such projects). F4320320300 (761,915 works). Huge. **-> DEDICATED INVESTIGATION TASK SPUN OFF 2026-06-04.** CORDIS (cordis.europa.eu) publishes all Horizon/FP projects as bulk CSV/JSON. CAUTION: overlaps with ERC (priority 21) and possibly Crossref/GtR-acknowledged EU grants - de-dup carefully before ingest."
X_already_covered,Vlaamse regering,4320327336,72243,1,ERR ConnectionError,https://www.fris.research.vlaanderen.be/,gapscan,in_registry | other_row:Complete:Vlaamse Regering (Flemish Government),B_unclassified,"gap-scan 2026-06-04 (direct): 72,243 works; F-id F4320327336; BE; type 1 (CKAN/open-data API); origin direct; src: https://www.fris.research.vlaanderen.be/ -- Flanders Research Information Space (FRIS); comprehensive metadatabase of all Flemish publicly-funded research w/ open API; FWO also has financed-research DB"
X_already_covered,Institut National Du Cancer,4320323807,14971,3,200 332KB,https://projets.e-cancer.fr/,gapscan,in_registry | other_row:Complete:Institut National du Cancer (INCa),A_api_bulk,"gap-scan 2026-06-04 (direct): 14,971 works; F-id F4320323807; FR; type 3 (search/index API); origin direct; src: https://projets.e-cancer.fr/ -- INCa France; projets.e-cancer.fr lists calls + results filterable by status; also INCa org on data.gouv.fr (CKAN open data); good structured target"
X_already_covered,Belgian Federal Science Policy Office,4320321454,14703,5,200 5KB,https://www.belspo.be/belspo/fedra/intro_en.stm,gapscan,in_registry | other_row:Complete:BELSPO (Belgian Federal Science Policy O,A_static_html,"gap-scan 2026-06-04 (direct): 14,703 works; F-id F4320321454; BE; type 5 (static HTML); origin direct; src: https://www.belspo.be/belspo/fedra/intro_en.stm -- BELSPO FEDRA database of funded research projects/actions; searchable web DB EN/FR/NL; HTML scrape; covers BRAIN-be etc"
X_already_covered,Deutsche Krebshilfe,4320323556,12894,5,200 62KB,https://www.krebshilfe.de/forschen/projekte/,gapscan,in_registry | other_row:Complete:Deutsche Krebshilfe (German Cancer Aid),A_static_html,"gap-scan deep-pass 2026-06-04 (direct): 12,894 works; F-id F4320323556; DE; type 5 (static HTML); origin direct; src: https://www.krebshilfe.de/forschen/projekte/ -- Deutsche Krebshilfe Projekte section confirmed; Aktuelle Forschungsprojekte sub-page exists linking to funded projects; static HTML per programme; no bulk download but scrapeable; confirm yes for type 5"
X_already_covered,Else Kröner-Fresenius-Stiftung,4320321672,6788,5,200 70KB,https://ekfs.de/en/scientific-funding/currently-funded-projects,gapscan,in_registry | other_row:Complete:Else Kröner-Fresenius-Stiftung (EKFS),A_static_html,"gap-scan deep-pass 2026-06-04 (direct): 6,788 works; F-id F4320321672; DE; type 5 (static HTML); origin direct; src: https://ekfs.de/en/scientific-funding/currently-funded-projects -- EKFS confirmed public project database with 638 funded projects; searchable by category/topic/status; each entry has title date category and link to project details; no bulk download but comprehensive browsable HTML DB"
X_already_covered,Leona M. and Harry B. Helmsley Charitable Trust,4320309446,5099,,no_url,,,in_registry | other_row:Complete:Leona M. and Harry B. Helmsley Charitabl,B_unclassified,"DISCOVERED 2026-06-04 via ICMR/HMSC collaboration-list mining (appears as the funding/collaborating agency in HMSC-approved Indian international-collaboration health projects, 2017-2026; n = 3 such projects). F4320309446 (US, 5,099 works). Large US health charity; may publish a grants database. Candidate."
X_already_covered,Agentschap voor Innovatie door Wetenschap en Technologie,4320321732,4395,5,403 WAF 2KB,https://www.vlaio.be/en/subsidies,gapscan,in_registry | other_row:Complete:VLAIO / Flanders Innovation & Entreprene,A_static_html,"gap-scan 2026-06-04 (direct): 4,395 works; F-id F4320321732; BE; type 5 (static HTML); origin direct; src: https://www.vlaio.be/en/subsidies -- IWT was dissolved in 2016 and merged into VLAIO (Flanders Innovation & Entrepreneurship); VLAIO lists funded projects and subsidies on vlaio.be; historical IWT projects may be in Flemish open data"
X_already_covered,Substance Abuse and Mental Health Services Administration,4320332164,3599,3,200 1227KB,https://www.samhsa.gov/grants/grants-dashboard,gapscan,in_registry | other_row:Complete:U.S. Department of Health and Human Serv,A_api_bulk,"gap-scan 2026-06-04 (direct): 3,599 works; F-id F4320332164; US; type 3 (search/index API); origin direct; src: https://www.samhsa.gov/grants/grants-dashboard -- SAMHSA Grants Dashboard at samhsa.gov covers 2014-present; also Grant Awards Archive; public searchable database of funded awards; direct US government source"
X_already_covered,Research and Innovation Foundation,4320330084,2628,4,200 2042KB,https://www.research.org.cy/wp-content/uploads/Χρηματοδοτούμενα-Έργα-2016-2025.xlsx,pdf;gapscan,in_registry | other_row:Complete:Research and Innovation Foundation (Cypr,A_api_bulk,"gap-scan deep-pass 2026-06-04 (direct): 2,628 works; F-id F4320330084; GR; type 4 (bulk file); origin direct; src: https://www.research.org.cy/wp-content/uploads/Χρηματοδοτούμενα-Έργα-2016-2025.xlsx -- Cyprus RIF research.org.cy/en/funded-projects/ confirmed to offer downloadable Excel file of Funded Projects 2016-2025 plus per-year PDFs; direct bulk XLSX covering full portfolio; strong confirmed source."
X_already_covered,Sloan Research Fellowships,4320306151,0,,no_url,,browser,in_registry | other_row:Complete:Alfred P. Sloan Foundation,B_browser,"NEEDS HOSTILE-SITE WORKAROUND 2026-05-22 (contractor): Alfred P. Sloan Foundation (F4320306151, US). Site sloan.org returns 403 to plain HTTP requests regardless of browser-like User-Agent + Accept headers — Cloudflare bot challenge requires JS execution. Per existing tracker entry, Sloan also exposes their grant data via Power BI dashboard (no JSON export). Resolution paths: (a) Method 6 Playwright scrape of sloan.org/fellows-database with headless Chrome to bypass JS gate, (b) request bulk export from the foundation, or (c) source Sloan Research Fellow names from third-party (NAS membership "
X_already_covered,Klingenstein Third Generation Foundation,4320308950,0,,no_url,,blocked;browser,in_registry | other_row:Complete:Klingenstein-Simons Fellowship in Neuros,C_likely_blocked,"BLOCKED 2026-05-27 (contractor): Klingenstein-Simons Fellowship in Neuroscience (F4320308950, US, DOI 10.13039/100001391 if assigned). klingfund.org and klingenstein.org both return Cloudflare 403 (Attention Required) to all User-Agent + Accept-header variants tried, confirming a JS-challenge bot-block. The site's `/recipients/` page is the canonical Klingenstein-Simons fellowship directory but is unreachable without browser automation. Same pattern as the Sloan / Burroughs Wellcome / Russell Sage / Komen / Carnegie / Wadhwani Cloudflare blocks in CLAUDE.md. Future work: Method 6 (Playwright h"
